,Unnamed: 0,draft_season,player_id,player_name,position,height,height_w_shoes,weight,wingspan,standing_reach,body_fat_pct,hand_length,hand_width,standing_vertical_leap,max_vertical_leap,lane_agility_time,modified_lane_agility_time,three_quarter_sprint,bench_press,spot_fifteen_corner_left,spot_fifteen_break_left,spot_fifteen_top_key,spot_fifteen_break_right,spot_fifteen_corner_right,spot_college_corner_left,spot_college_break_left,spot_college_top_key,spot_college_break_right,spot_college_corner_right,spot_nba_corner_left,spot_nba_break_left,spot_nba_top_key,spot_nba_break_right,spot_nba_corner_right,off_drib_fifteen_break_left,off_drib_fifteen_top_key,off_drib_fifteen_break_right,off_drib_college_break_left,off_drib_college_top_key,off_drib_college_break_right,on_move_fifteen,on_move_college,overall_pick,draft_type,organization,organization_type,player_profile_flag
0,0,2013,203500,Steven Adams,C,82.75,84.0,254.5,88.5,109.5,6.65,9.5,11.0,28.5,33.0,11.85,3.02,3.4,16,0.8,0.6,0.8,0.8,0.6,0.0,0.0,0.0,0.0,0.0,0.4,0.4,0.4,0.6,0.4,0.0,0.0,0.0,0.0,0.0,0.0,0.0,0.0,12.0,Draft,Pittsburgh,College/University,1.0
1,1,2013,203505,Vander Blue,SG,75.5,77.25,197.4,78.0,100.5,4.6,8.5,9.5,28.0,37.5,10.4,2.7,3.14,4,0.0,0.0,0.0,0.0,0.0,0.4,0.6,0.6,0.8,0.8,0.4,0.8,0.8,0.6,0.6,0.0,0.0,0.0,0.0,0.0,0.0,0.0,0.0,0.0,0,0,0,0.0
2,2,2013,203485,Lorenzo Brown,PG,76.0,77.25,189.2,79.0,100.0,3.95,8.25,8.5,28.0,34.0,11.78,3.24,3.4,8,0.0,0.0,0.0,0.0,0.0,0.6,0.2,0.6,0.8,0.8,0.6,0.2,0.8,0.2,0.8,0.0,0.0,0.0,0.0,0.0,0.0,0.0,0.0,52.0,Draft,North Carolina State,College/University,1.0
3,3,2013,203493,Reggie Bullock,SG-SF,77.75,79.0,199.8,80.75,102.0,6.95,8.5,9.0,31.0,36.5,11.33,3.3,3.31,11,0.0,0.0,0.0,0.0,0.0,0.4,1.0,0.6,1.0,0.8,0.4,1.0,0.4,0.8,0.8,0.0,0.0,0.0,0.0,0.0,0.0,0.0,0.0,25.0,Draft,North Carolina,College/University,1.0
4,4,2013,203484,Kentavious Caldwell-Pope,SG,76.5,77.5,203.6,80.0,100.5,6.45,8.5,9.0,29.0,34.5,10.6,3.2,3.12,7,0.0,0.0,0.0,0.0,0.0,0.4,0.6,0.4,0.6,0.6,0.2,0.6,0.8,0.4,0.6,0.0,0.0,0.0,0.0,0.0,0.0,0.0,0.0,8.0,Draft,Georgia,College/University,1.0
5,5,2013,203477,Isaiah Canaan,PG,71.0,72.0,188.4,76.5,94.5,5.9,8.25,9.5,33.0,40.5,10.98,2.89,3.22,16,0.0,0.0,0.0,0.0,0.0,0.6,0.4,0.4,0.8,0.8,0.8,0.4,0.6,0.6,0.8,0.0,0.0,0.0,0.0,0.0,0.0,0.0,0.0,34.0,Draft,Murray State,College/University,1.0
6,6,2013,203478,Jackie Carmichael,PF,79.5,81.0,241.2,85.5,107.0,5.8,9.0,10.25,30.0,32.0,11.83,3.07,3.35,13,0.4,0.6,1.0,0.8,0.6,0.4,0.4,0.8,0.6,0.6,0.0,0.0,0.0,0.0,0.0,0.0,0.0,0.0,0.0,0.0,0.0,0.0,0.0,0.0,0,0,0,0.0
7,7,2013,12524,Will Clyburn,SF-SG,77.75,79.0,210.4,84.25,105.0,6.85,9.25,10.25,28.0,34.5,11.68,3.12,3.38,3,0.0,0.0,0.0,0.0,0.0,0.6,0.8,0.2,0.2,1.0,0.2,0.8,0.8,1.0,0.6,0.0,0.0,0.0,0.0,0.0,0.0,0.0,0.0,0.0,0,0,0,0.0
8,8,2013,203496,Robert Covington,SF-PF,78.25,79.5,208.6,85.75,106.0,4.7,9.0,8.5,29.5,36.0,11.69,3.1,3.34,9,0.6,0.4,0.8,1.0,0.8,0.0,0.0,0.0,0.0,0.0,0.8,0.4,0.6,0.4,0.8,0.0,0.0,0.0,0.0,0.0,0.0,0.0,0.0,0.0,0,0,0,0.0
9,9,2013,203459,Allen Crabbe,SG,77.25,78.25,197.4,83.25,103.5,4.65,8.25,8.5,30.5,36.0,10.67,3.1,3.32,10,0.0,0.0,0.0,0.0,0.0,1.0,0.4,0.8,0.8,0.6,0.6,0.6,0.8,1.0,0.4,0.0,0.0,0.0,0.0,0.0,0.0,0.0,0.0,31.0,Draft,California,College/University,1.0
10,10,2013,203561,Brandon Davies,PF,80.5,82.25,241.8,85.5,108.5,8.6,9.0,11.0,26.0,31.5,11.22,3.14,3.5,7,0.6,0.6,0.8,0.6,0.8,0.2,0.8,0.4,0.6,0.6,0.0,0.0,0.0,0.0,0.0,0.0,0.0,0.0,0.0,0.0,0.0,0.0,0.0,0.0,0,0,0,0.0
11,11,2013,203473,Dewayne Dedmon,C,82.0,83.5,238.8,88.0,109.0,8.35,9.0,11.0,28.0,32.5,12.75,3.26,3.4,8,0.2,0.4,0.4,1.0,0.6,0.4,0.2,0.8,0.6,0.6,0.0,0.0,0.0,0.0,0.0,0.0,0.0,0.0,0.0,0.0,0.0,0.0,0.0,0.0,0,0,0,0.0
12,12,2013,203516,James Ennis,SF,77.75,79.0,200.8,83.5,104.5,4.5,8.5,8.75,29.5,36.5,11.55,3.06,3.4,7,0.0,0.0,0.0,0.0,0.0,0.4,0.8,0.6,0.6,0.4,0.4,0.6,0.4,1.0,0.8,0.0,0.0,0.0,0.0,0.0,0.0,0.0,0.0,50.0,Draft,Long Beach State,College/University,1.0
13,13,2013,203467,Carrick Felix,SF-SG,76.75,78.25,202.6,81.25,103.5,3.3,8.5,9.5,32.0,38.5,11.16,3.09,3.25,15,0.0,0.0,0.0,0.0,0.0,0.0,0.0,0.0,0.0,0.0,0.8,0.8,0.2,0.8,0.4,0.0,0.0,0.0,0.0,0.0,0.0,0.0,0.0,33.0,Draft,Arizona State,College/University,1.0
14,14,2013,203497,Rudy Gobert,C,84.5,86.0,237.6,92.5,115.0,4.4,9.75,10.0,25.0,29.0,12.85,3.19,3.57,7,0.6,0.6,0.8,0.8,0.4,0.0,0.0,0.0,0.0,0.0,0.0,0.0,0.0,0.0,0.0,0.0,0.0,0.0,0.0,0.0,0.0,0.0,0.0,27.0,Draft,Cholet Basket (France),Other Team/Club,1.0
15,15,2013,203462,Archie Goodwin,SG,75.75,77.25,189.0,81.5,102.0,4.55,8.5,9.0,30.0,36.0,10.75,3.41,3.27,1,0.0,0.0,0.0,0.0,0.0,0.6,1.0,0.4,0.4,0.8,0.6,0.2,0.6,0.6,0.0,0.0,0.0,0.0,0.0,0.0,0.0,0.0,0.0,29.0,Draft,Kentucky,College/University,1.0
16,16,2013,203475,Erick Green,PG,73.5,75.0,178.2,77.75,98.0,4.35,8.5,9.0,0.0,0.0,0.0,0.0,0.0,5,0.0,0.0,0.0,0.0,0.0,0.4,0.8,0.2,0.8,0.6,0.6,0.6,0.2,0.6,0.6,0.0,0.0,0.0,0.0,0.0,0.0,0.0,0.0,46.0,Draft,Virginia Tech,College/University,1.0
17,17,2013,203501,Tim Hardaway Jr.,SG,76.5,78.25,199.4,79.0,101.0,6.05,8.0,9.25,31.5,37.5,10.68,2.93,3.25,16,0.0,0.0,0.0,0.0,0.0,0.4,0.8,1.0,0.6,0.2,0.6,1.0,1.0,0.8,0.4,0.0,0.0,0.0,0.0,0.0,0.0,0.0,0.0,24.0,Draft,Michigan,College/University,1.0
18,18,2013,203524,Solomon Hill,SF,77.5,79.0,226.0,81.0,103.0,7.6,9.0,10.5,29.5,37.5,10.77,2.91,3.19,14,0.0,0.0,0.0,0.0,0.0,0.8,0.6,0.4,0.4,0.8,0.8,0.8,0.6,0.6,0.6,0.0,0.0,0.0,0.0,0.0,0.0,0.0,0.0,23.0,Draft,Arizona,College/University,1.0
19,19,2013,203494,Richard Howell,PF,78.25,79.5,249.6,82.25,105.5,8.75,8.75,9.5,0.0,0.0,0.0,0.0,0.0,0,0.6,0.4,0.8,0.6,0.4,0.6,0.2,0.6,0.2,0.0,0.0,0.0,0.0,0.0,0.0,0.0,0.0,0.0,0.0,0.0,0.0,0.0,0.0,0.0,0,0,0,0.0
20,20,2013,203470,Colton Iverson,C,82.5,84.0,262.8,86.0,110.0,9.6,9.25,9.5,26.5,30.0,11.52,3.04,3.52,12,0.2,0.4,0.8,0.6,0.4,0.6,0.4,0.2,0.4,0.4,0.0,0.0,0.0,0.0,0.0,0.0,0.0,0.0,0.0,0.0,0.0,0.0,0.0,53.0,Draft,Colorado State,College/University,0.0
21,21,2013,203510,Pierre Jackson,PG,69.5,70.5,176.0,70.0,90.0,4.5,7.5,8.25,0.0,0.0,0.0,0.0,0.0,0,0.0,0.0,0.0,0.0,0.0,0.6,0.6,0.4,0.6,0.4,0.2,0.8,0.4,0.4,0.8,0.0,0.0,0.0,0.0,0.0,0.0,0.0,0.0,42.0,Draft,Baylor,College/University,1.0
22,22,2013,203511,Grant Jerrett,PF,80.75,82.25,232.0,86.0,109.0,10.05,8.5,9.25,28.5,34.0,11.85,3.23,3.51,2,1.0,0.8,0.8,0.8,0.6,0.0,0.0,0.0,0.0,0.0,1.0,0.8,0.2,0.8,0.4,0.0,0.0,0.0,0.0,0.0,0.0,0.0,0.0,40.0,Draft,Arizona,College/University,1.0
23,23,2013,203509,Myck Kabongo,PG,73.25,74.75,180.4,78.25,98.0,6.0,8.25,9.0,27.5,33.5,10.64,2.86,3.44,2,0.0,0.0,0.0,0.0,0.0,0.2,0.4,0.8,0.4,0.4,0.2,0.4,0.2,0.0,0.2,0.0,0.0,0.0,0.0,0.0,0.0,0.0,0.0,0.0,0,0,0,0.0
24,24,2013,203483,Kenny Kadji,PF-C,80.75,82.0,241.6,87.0,106.5,7.45,9.0,10.25,34.0,38.0,11.47,2.88,3.44,9,0.2,0.6,0.6,0.4,0.6,0.4,0.8,0.2,0.8,0.4,0.0,0.0,0.0,0.0,0.0,0.0,0.0,0.0,0.0,0.0,0.0,0.0,0.0,0.0,0,0,0,0.0
25,25,2013,203499,Shane Larkin,PG,70.25,71.5,170.8,70.75,89.5,3.8,7.5,8.75,34.5,44.0,10.64,3.03,3.08,12,0.0,0.0,0.0,0.0,0.0,0.4,0.0,0.8,0.6,0.4,1.0,0.6,0.4,0.8,0.4,0.0,0.0,0.0,0.0,0.0,0.0,0.0,0.0,18.0,Draft,Miami (FL),College/University,1.0
26,26,2013,203495,Ricky Ledo,SG,76.75,78.0,197.2,79.25,102.5,10.25,8.5,9.25,27.0,33.5,10.72,3.16,3.32,4,0.0,0.0,0.0,0.0,0.0,0.8,0.8,0.8,0.6,0.4,0.2,0.4,0.4,0.6,0.8,0.0,0.0,0.0,0.0,0.0,0.0,0.0,0.0,43.0,Draft,Providence,College/University,1.0
27,27,2013,203522,Trevor Mbakwe,PF,78.75,80.0,235.8,88.0,106.5,5.9,9.5,11.5,30.0,36.5,12.01,2.97,3.32,21,0.4,0.6,0.2,0.8,0.6,0.6,0.6,0.6,0.2,0.2,0.0,0.0,0.0,0.0,0.0,0.0,0.0,0.0,0.0,0.0,0.0,0.0,0.0,0.0,0,0,0,0.0
28,28,2013,203492,Ray McCallum,PG,72.25,73.75,191.4,75.25,96.5,7.3,8.0,8.75,30.5,40.0,10.82,3.08,3.25,5,0.0,0.0,0.0,0.0,0.0,0.0,1.0,0.6,0.2,0.6,0.2,1.0,0.4,0.6,0.4,0.0,0.0,0.0,0.0,0.0,0.0,0.0,0.0,36.0,Draft,Detroit Mercy,College/University,1.0
29,29,2013,203502,Tony Mitchell,PF-SF,79.5,80.75,236.4,86.5,106.5,5.55,9.0,10.0,33.5,38.0,11.82,3.25,3.52,13,0.6,0.6,0.6,0.6,0.6,0.4,0.6,1.0,0.6,0.4,0.0,0.0,0.0,0.0,0.0,0.0,0.0,0.0,0.0,0.0,0.0,0.0,0.0,37.0,Draft,North Texas,College/University,1.0
30,30,2013,203498,Shabazz Muhammad,SF-SG,76.75,78.25,221.8,83.0,104.5,9.0,9.0,10.0,29.5,37.0,10.99,2.93,3.32,10,0.0,0.0,0.0,0.0,0.0,0.6,0.2,0.4,0.4,0.4,0.6,0.2,0.4,0.2,0.2,0.0,0.0,0.0,0.0,0.0,0.0,0.0,0.0,14.0,Draft,California-Los Angeles,College/University,1.0
31,31,2013,203513,Erik Murphy,PF,80.75,81.5,239.8,82.5,108.0,7.95,8.75,9.75,24.5,29.5,12.19,2.96,3.57,13,0.8,0.6,0.6,0.2,0.8,0.0,0.0,0.0,0.0,0.0,1.0,0.6,0.4,0.6,1.0,0.0,0.0,0.0,0.0,0.0,0.0,0.0,0.0,49.0,Draft,Florida,College/University,1.0
32,32,2013,203488,Mike Muscala,C-PF,82.25,83.5,230.2,85.0,108.0,6.8,8.5,9.0,28.0,33.5,11.76,2.99,3.44,5,0.8,1.0,1.0,0.8,0.6,0.4,1.0,0.8,1.0,0.2,0.0,0.0,0.0,0.0,0.0,0.0,0.0,0.0,0.0,0.0,0.0,0.0,0.0,44.0,Draft,Bucknell,College/University,1.0
33,33,2013,203482,Kelly Olynyk,PF-C,82.75,84.0,234.0,81.75,108.0,6.65,8.5,10.0,24.5,29.5,11.42,2.99,3.59,5,0.8,0.6,0.6,0.6,0.6,0.0,0.0,0.0,0.0,0.0,0.8,0.4,0.6,0.2,0.6,0.0,0.0,0.0,0.0,0.0,0.0,0.0,0.0,13.0,Draft,Gonzaga,College/University,1.0
34,34,2013,203464,Brandon Paul,SG,74.75,76.0,201.0,82.25,98.0,5.25,8.5,9.5,33.5,39.5,11.16,2.9,3.37,15,0.0,0.0,0.0,0.0,0.0,0.6,0.2,0.6,0.6,0.4,0.6,0.2,0.6,0.6,0.6,0.0,0.0,0.0,0.0,0.0,0.0,0.0,0.0,0.0,0,0,0,0.0
35,35,2013,203658,Norvel Pelle,PF-C,81.5,82.5,207.2,86.5,109.0,5.15,8.75,9.5,31.0,34.5,11.49,3.2,3.32,0,1.0,1.0,0.8,0.6,0.6,0.2,0.2,0.2,0.4,0.2,0.0,0.0,0.0,0.0,0.0,0.0,0.0,0.0,0.0,0.0,0.0,0.0,0.0,0.0,0,0,0,0.0
36,36,2013,203515,Phil Pressey,PG,69.5,71.5,177.0,74.25,92.0,4.7,7.75,9.75,33.0,38.5,10.86,3.02,3.13,7,0.0,0.0,0.0,0.0,0.0,0.6,0.6,0.8,0.6,0.0,0.6,0.6,0.8,0.6,0.4,0.0,0.0,0.0,0.0,0.0,0.0,0.0,0.0,0.0,0,0,0,0.0
37,37,2013,203318,Glen Rice,SF-SG,76.5,77.75,210.8,81.25,101.5,8.45,8.5,9.0,33.0,40.5,10.99,3.08,3.25,10,0.0,0.0,0.0,0.0,0.0,0.4,0.8,0.4,0.6,0.6,0.4,0.2,0.2,0.8,0.4,0.0,0.0,0.0,0.0,0.0,0.0,0.0,0.0,35.0,Draft,Michigan,College/University,1.0
38,38,2013,203460,Andre Roberson,PF-SF,78.25,79.0,205.8,83.0,104.5,7.05,8.75,9.5,30.0,36.5,11.36,3.02,3.34,10,0.0,0.0,0.0,0.0,0.0,0.4,0.6,0.8,0.6,0.4,0.6,0.2,0.0,0.4,0.2,0.0,0.0,0.0,0.0,0.0,0.0,0.0,0.0,26.0,Draft,Colorado,College/University,1.0
39,39,2013,203491,Peyton Siva,PG,71.5,73.0,180.6,75.0,93.0,6.05,8.0,9.75,33.5,41.5,10.59,2.93,3.16,15,0.0,0.0,0.0,0.0,0.0,1.0,0.6,0.6,0.8,0.6,0.8,0.4,0.8,0.4,0.8,0.0,0.0,0.0,0.0,0.0,0.0,0.0,0.0,56.0,Draft,Louisville,College/University,1.0
40,40,2013,203503,Tony Snell,SF-SG,78.0,79.25,198.2,83.5,105.5,4.85,9.0,9.5,30.0,36.5,11.36,2.84,3.25,7,0.0,0.0,0.0,0.0,0.0,0.6,1.0,0.8,0.8,0.8,0.8,0.6,1.0,0.6,0.4,0.0,0.0,0.0,0.0,0.0,0.0,0.0,0.0,20.0,Draft,New Mexico,College/University,1.0
41,41,2013,203480,James Southerland,SF-PF,79.0,80.0,220.6,85.0,106.0,8.05,8.0,9.5,29.0,32.0,10.9,3.03,3.38,5,0.0,0.0,0.0,0.0,0.0,1.0,0.6,0.8,0.6,0.4,0.4,0.8,0.6,0.6,0.4,0.0,0.0,0.0,0.0,0.0,0.0,0.0,0.0,0.0,0,0,0,0.0
42,42,2013,203519,Adonis Thomas,SF,76.75,77.75,231.8,85.0,99.0,7.5,9.25,9.5,34.5,40.5,11.64,3.11,3.32,13,0.0,0.0,0.0,0.0,0.0,0.2,0.8,0.8,0.8,0.2,0.8,0.8,0.4,0.6,0.4,0.0,0.0,0.0,0.0,0.0,0.0,0.0,0.0,0.0,0,0,0,0.0
43,43,2013,203472,Deshaun Thomas,SF,77.0,79.0,219.8,82.0,104.0,9.1,8.0,8.75,28.5,32.0,12.94,3.38,3.53,5,0.0,0.0,0.0,0.0,0.0,0.2,0.6,1.0,1.0,0.6,0.6,0.6,0.6,0.6,0.6,0.0,0.0,0.0,0.0,0.0,0.0,0.0,0.0,58.0,Draft,Ohio State,College/University,1.0
44,44,2013,203481,Jeff Withey,C,82.75,84.5,221.8,86.0,110.5,8.65,9.0,9.75,26.5,29.0,12.49,3.29,3.47,10,0.6,0.6,0.6,0.6,0.8,0.0,0.0,0.0,0.0,0.0,0.0,0.0,0.0,0.0,0.0,0.0,0.0,0.0,0.0,0.0,0.0,0.0,0.0,39.0,Draft,Kansas,College/University,1.0
45,45,2013,203489,Nate Wolters,PG,75.5,76.75,196.4,75.75,98.0,5.5,8.25,8.75,0.0,0.0,0.0,0.0,0.0,8,0.0,0.0,0.0,0.0,0.0,0.4,0.8,0.8,0.8,0.6,0.6,0.8,0.4,0.6,0.8,0.0,0.0,0.0,0.0,0.0,0.0,0.0,0.0,38.0,Draft,South Dakota State,College/University,1.0
46,46,2013,203523,BJ Young,SG-PG,74.25,75.5,178.8,80.25,99.0,4.7,8.5,9.5,0.0,0.0,0.0,0.0,0.0,0,0.0,0.0,0.0,0.0,0.0,0.6,0.4,0.4,0.8,0.6,0.8,0.4,0.2,0.4,0.6,0.0,0.0,0.0,0.0,0.0,0.0,0.0,0.0,0.0,0,0,0,0.0
47,47,2014,203919,Jordan Adams,SG,75.5,76.75,208.8,82.0,102.0,10.8,8.5,7.5,24.5,29.5,12.13,3.05,3.5,0,0.0,0.0,0.0,0.0,0.0,1.0,0.6,1.0,0.6,0.6,0.8,0.6,0.4,0.6,1.0,0.667,0.667,0.833,0.0,0.0,0.0,0.6,0.0,0.0,0,0,0,0.0
48,48,2014,203648,Thanasis Antetokounmpo,SF,77.25,78.25,205.2,84.0,104.5,6.05,9.0,9.75,31.5,39.5,11.39,3.05,3.18,0,0.0,0.0,0.0,0.0,0.0,0.8,0.4,0.4,0.8,0.4,0.4,0.8,0.6,0.6,0.6,0.667,0.833,0.5,0.0,0.0,0.0,0.0,0.4,0.0,0,0,0,0.0
49,49,2014,203947,Jordan Bachynski,PF,85.25,86.0,254.1,88.0,108.5,7.45,9.25,10.0,29.0,33.0,12.15,3.03,3.36,0,0.0,0.6,0.6,1.0,0.8,0.0,0.0,0.0,0.0,0.0,0.4,0.2,0.2,0.4,0.6,0.667,0.667,0.667,0.0,0.0,0.0,0.633,0.0,0.0,0,0,0,0.0
50,50,2014,203946,Cameron Bairstow,PF,80.75,81.75,252.4,84.75,107.0,8.7,8.75,9.0,31.0,33.5,11.39,3.09,3.37,0,1.0,0.8,0.8,0.6,0.8,0.0,0.0,0.0,0.0,0.0,0.6,0.8,0.6,0.8,0.2,0.833,0.333,1.0,0.0,0.0,0.0,0.568,0.0,0.0,0,0,0,0.0
51,51,2014,203920,Khem Birch,PF,79.5,81.25,208.8,85.0,107.0,6.0,9.0,8.5,30.5,35.5,11.6,3.24,3.26,0,0.6,0.4,0.4,0.8,0.4,0.0,0.0,0.0,0.0,0.0,0.8,0.4,0.4,0.4,0.2,0.667,0.5,0.167,0.0,0.0,0.0,0.5,0.0,0.0,0,0,0,0.0
52,52,2014,203938,Alec Brown,PF,84.25,85.25,231.2,85.5,109.0,7.7,9.25,8.75,27.0,30.0,12.05,2.91,3.48,0,0.6,0.8,1.0,0.8,1.0,0.0,0.0,0.0,0.0,0.0,0.8,0.4,0.6,1.0,0.8,0.5,0.5,0.833,0.0,0.0,0.0,0.611,0.0,0.0,0,0,0,0.0
53,53,2014,203900,Markel Brown,SG,74.5,75.5,184.4,80.75,100.0,4.2,8.25,9.75,36.5,43.5,12.62,2.9,3.18,0,0.0,0.0,0.0,0.0,0.0,0.6,0.6,0.6,0.4,0.4,0.6,0.6,0.2,0.4,0.6,0.833,0.833,0.5,0.0,0.0,0.0,0.562,0.0,0.0,0,0,0,0.0
54,54,2014,203913,Jabari Brown,SG,75.0,76.25,201.9,80.25,100.0,6.05,9.0,9.25,28.0,32.0,11.6,3.26,3.5,0,0.0,0.0,0.0,0.0,0.0,0.6,0.6,0.6,0.8,0.6,0.6,0.8,0.4,0.6,0.8,0.5,0.833,0.667,0.0,0.0,0.0,0.583,0.0,0.0,0,0,0,0.0
55,55,2014,203907,Deonte Burton,PG,72.0,73.25,192.8,79.0,97.5,7.65,8.25,8.0,29.0,39.5,11.28,3.08,3.28,0,0.0,0.0,0.0,0.0,0.0,0.4,0.4,0.4,0.8,0.6,0.2,0.0,0.4,0.4,0.4,0.5,0.333,0.5,0.0,0.0,0.0,0.576,0.0,0.0,0,0,0,0.0
56,56,2014,203902,Semaj Christon,PG,73.5,75.25,186.0,78.5,99.0,5.25,8.5,8.25,30.5,36.5,11.55,3.21,3.32,0,0.0,0.0,0.0,0.0,0.0,0.6,0.8,1.0,1.0,0.8,0.6,0.4,0.4,0.4,0.0,0.667,0.667,0.5,0.0,0.0,0.0,0.692,0.0,0.0,0,0,0,0.0
57,57,2014,203903,Jordan Clarkson,PG,75.25,77.0,186.3,80.0,98.0,4.3,8.25,9.0,33.0,38.5,10.76,2.98,3.28,0,0.0,0.0,0.0,0.0,0.0,0.6,1.0,1.0,0.8,1.0,0.6,0.6,0.6,0.4,0.4,0.833,0.833,0.5,0.0,0.0,0.0,0.667,0.0,0.0,0,0,0,0.0
58,58,2014,203905,Aaron Craft,PG,72.75,73.75,191.6,74.0,94.5,6.1,7.75,8.5,29.0,32.0,10.78,2.9,3.26,0,0.0,0.0,0.0,0.0,0.0,0.4,0.4,0.8,0.8,0.6,0.2,0.0,0.6,0.4,0.6,0.5,0.833,0.167,0.0,0.0,0.0,0.647,0.0,0.0,0,0,0,0.0
59,59,2014,203908,DeAndre Daniels,SF,79.25,80.5,196.0,86.0,106.5,3.85,9.25,10.5,26.5,32.0,11.46,3.04,3.44,0,0.0,0.0,0.0,0.0,0.0,0.2,0.6,0.6,0.2,0.8,0.4,0.8,0.6,0.6,0.6,0.833,0.667,0.5,0.0,0.0,0.0,0.676,0.0,0.0,0,0,0,0.0
60,60,2014,203921,Cleanthony Early,SF,78.0,79.25,209.4,82.75,101.5,4.45,8.5,9.0,34.0,40.0,11.15,2.96,3.18,0,0.0,0.0,0.0,0.0,0.0,0.2,0.2,0.6,1.0,0.4,0.4,0.4,0.8,0.4,0.0,0.5,0.5,0.667,0.0,0.0,0.0,0.486,0.0,0.0,0,0,0,0.0
61,61,2014,203929,Melvin Ejim,SF,77.25,79.0,218.5,83.25,103.5,6.45,8.75,9.25,29.5,35.0,11.55,3.12,3.14,0,0.0,0.0,0.0,0.0,0.0,0.6,0.6,0.6,0.2,0.4,0.8,0.8,0.6,0.8,0.6,0.5,0.833,0.667,0.0,0.0,0.0,0.667,0.0,0.0,0,0,0,0.0
62,62,2014,203927,C.J. Fair,SF,78.5,80.0,218.1,81.5,104.0,5.05,9.0,9.0,27.0,35.0,11.0,3.06,3.32,0,0.0,0.0,0.0,0.0,0.0,0.8,0.2,0.4,0.2,0.6,0.4,0.4,0.8,0.2,0.6,0.5,0.5,0.667,0.0,0.0,0.0,0.75,0.0,0.0,0,0,0,0.0
63,63,2014,203924,Jerami Grant,SF,78.5,79.75,214.0,86.75,107.0,3.75,9.25,9.25,0.0,0.0,0.0,0.0,0.0,0,0.0,0.0,0.0,0.0,0.0,0.2,0.2,0.2,0.4,0.6,0.4,0.6,0.4,0.4,0.6,0.667,0.333,0.5,0.0,0.0,0.0,0.545,0.0,0.0,0,0,0,0.0
64,64,2014,203798,P.J. Hairston,SG,76.25,77.25,228.8,81.0,101.0,8.2,8.75,9.75,32.0,37.0,11.12,0.0,3.32,0,0.0,0.0,0.0,0.0,0.0,0.8,0.6,0.6,0.6,0.6,0.4,0.4,0.2,0.4,0.6,0.5,0.667,0.833,0.0,0.0,0.0,0.613,0.0,0.0,0,0,0,0.0
65,65,2014,203925,Joe Harris,SG,76.75,78.25,215.0,78.0,100.0,6.2,8.5,9.75,28.5,33.5,11.11,2.92,3.31,0,0.0,0.0,0.0,0.0,0.0,0.8,0.6,0.6,0.6,1.0,0.4,0.8,0.6,0.6,0.8,0.833,0.833,0.667,0.0,0.0,0.0,0.811,0.0,0.0,0,0,0,0.0
66,66,2014,203918,Rodney Hood,SF,79.25,80.5,208.2,80.5,103.0,7.45,8.5,8.5,29.0,36.0,11.21,3.14,3.38,0,0.0,0.0,0.0,0.0,0.0,0.2,0.6,0.8,0.8,0.6,0.6,0.4,0.8,0.8,0.4,0.833,0.667,0.833,0.0,0.0,0.0,0.788,0.0,0.0,0,0,0,0.0
67,67,2014,203928,Cory Jefferson,PF,79.75,81.0,218.4,84.5,105.0,5.25,8.75,9.75,33.0,37.5,12.63,3.39,3.36,0,0.2,0.6,0.8,0.4,1.0,0.0,0.0,0.0,0.0,0.0,0.6,1.0,0.2,0.6,0.4,0.0,0.5,0.833,0.0,0.0,0.0,0.735,0.0,0.0,0,0,0,0.0
68,68,2014,203910,Nick Johnson,SG,73.5,75.0,198.0,79.25,96.5,6.05,8.75,9.75,33.5,41.5,10.8,2.95,3.27,0,0.0,0.0,0.0,0.0,0.0,0.8,1.0,0.6,0.6,0.8,0.2,0.6,0.6,0.6,0.4,0.833,0.833,0.667,0.0,0.0,0.0,0.0,0.528,0.0,0,0,0,0.0
69,69,2014,203945,Alex Kirk,PF,81.25,82.75,252.0,87.5,109.5,13.6,9.25,10.5,28.5,31.5,11.2,3.19,3.48,0,0.0,0.6,0.6,0.8,0.8,0.0,0.0,0.0,0.0,0.0,0.6,0.6,0.4,0.2,0.2,0.5,0.833,0.333,0.0,0.0,0.0,0.675,0.0,0.0,0,0,0,0.0
70,70,2014,203897,Zach LaVine,PG,76.5,77.75,180.9,80.25,100.0,4.7,8.25,8.75,33.5,41.5,10.42,2.8,3.19,0,0.0,0.0,0.0,0.0,0.0,0.2,0.6,0.6,0.8,0.4,0.6,0.6,0.4,0.4,0.8,0.667,0.833,0.833,0.0,0.0,0.0,0.656,0.0,0.0,0,0,0,0.0
71,71,2014,203906,Devyn Marble,SG,77.0,78.5,192.4,81.0,102.0,6.9,8.25,8.5,29.0,35.0,11.32,3.08,3.28,0,0.0,0.0,0.0,0.0,0.0,0.6,0.4,1.0,0.6,0.6,0.8,0.8,0.8,0.8,0.0,0.333,0.5,0.667,0.0,0.0,0.0,0.487,0.0,0.0,0,0,0,0.0
72,72,2014,203949,James McAdoo,PF,79.5,80.75,227.6,86.25,106.5,6.15,9.25,9.0,29.5,34.0,11.61,2.91,3.28,0,0.8,0.6,0.8,0.0,0.8,0.0,0.0,0.0,0.0,0.0,0.6,0.0,0.4,0.4,0.4,0.5,0.333,0.667,0.0,0.0,0.0,0.521,0.0,0.0,0,0,0,0.0
73,73,2014,203909,K.J. McDaniels,SF,76.5,78.0,195.6,83.25,102.0,4.45,8.75,9.75,33.0,37.0,12.71,3.2,3.1,0,0.0,0.0,0.0,0.0,0.0,0.6,0.8,0.6,0.6,0.8,0.4,0.6,0.4,0.0,0.2,0.667,0.5,0.667,0.0,0.0,0.0,0.59,0.0,0.0,0,0,0,0.0
74,74,2014,203895,Jordan McRae,SG,75.75,77.25,179.4,84.5,104.0,5.2,8.75,8.5,27.5,34.5,11.07,3.15,3.39,0,0.0,0.0,0.0,0.0,0.0,0.8,0.8,0.6,0.8,0.8,0.4,0.4,0.6,0.8,0.8,0.5,0.667,0.667,0.0,0.0,0.0,0.0,0.824,0.0,0,0,0,0.0
75,75,2014,203948,Johnny O?Bryant III,PF,79.25,80.5,256.8,86.25,105.0,10.75,9.25,9.5,31.0,35.5,11.57,3.32,3.45,0,0.6,0.6,0.4,0.4,0.8,0.0,0.0,0.0,0.0,0.0,0.8,0.2,0.4,0.8,0.2,0.5,0.5,0.5,0.0,0.0,0.0,0.639,0.0,0.0,0,0,0,0.0
76,76,2014,203934,Lamar Patterson,SG,76.0,77.25,226.0,83.0,101.0,10.75,9.0,9.25,27.5,32.5,11.63,3.13,3.45,0,0.0,0.0,0.0,0.0,0.0,0.8,0.2,0.6,0.8,0.6,1.0,0.8,0.2,0.8,0.2,0.833,0.5,0.667,0.0,0.0,0.0,0.657,0.0,0.0,0,0,0,0.0
77,77,2014,203939,Dwight Powell,PF,81.5,83.0,234.4,84.5,105.0,6.2,9.0,9.25,28.5,35.0,11.28,2.88,3.2,0,0.8,1.0,0.8,0.8,0.6,0.0,0.0,0.0,0.0,0.0,0.6,0.2,0.8,0.2,0.8,0.833,0.5,0.667,0.0,0.0,0.0,0.649,0.0,0.0,0,0,0,0.0
78,78,2014,203922,Glenn Robinson III,SF,77.5,78.75,211.4,82.0,100.5,5.05,9.0,9.5,36.5,41.5,11.22,3.04,3.15,0,0.0,0.0,0.0,0.0,0.0,0.8,0.6,0.6,0.8,0.8,0.4,0.4,0.6,0.6,0.6,1.0,0.833,0.833,0.0,0.0,0.0,0.641,0.0,0.0,0,0,0,0.0
79,79,2014,203941,LaQuinton Ross,SF,78.5,79.5,238.7,85.75,106.0,16.3,8.75,9.75,25.0,31.0,11.97,3.52,3.44,0,0.0,0.0,0.0,0.0,0.0,0.4,0.6,0.4,0.6,0.6,0.6,0.8,0.6,0.6,0.6,0.833,0.667,0.833,0.0,0.0,0.0,0.0,0.765,0.0,0,0,0,0.0
80,80,2014,203893,Russ Smith,PG,71.5,72.75,160.0,75.5,95.0,3.5,8.25,8.5,29.5,34.0,11.57,3.01,3.27,0,0.0,0.0,0.0,0.0,0.0,0.6,0.8,0.6,0.6,0.4,1.0,0.6,0.2,0.2,0.6,0.667,0.833,0.5,0.0,0.0,0.0,0.694,0.0,0.0,0,0,0,0.0
81,81,2014,203950,Jarnell Stokes,PF,79.0,80.5,262.8,85.25,103.5,8.2,9.75,10.5,31.0,36.0,11.92,3.2,3.26,0,1.0,0.8,1.0,0.8,0.4,0.0,0.0,0.0,0.0,0.0,0.6,0.2,0.0,0.4,0.6,0.667,0.833,0.5,0.0,0.0,0.0,0.583,0.0,0.0,0,0,0,0.0
82,82,2014,203904,Xavier Thames,PG,74.25,75.5,187.0,76.0,96.0,6.4,8.25,9.0,29.0,32.5,11.48,3.02,3.48,0,0.0,0.0,0.0,0.0,0.0,0.6,0.8,1.0,0.6,0.8,0.8,0.8,0.4,0.6,0.6,0.833,0.667,0.833,0.0,0.0,0.0,0.846,0.0,0.0,0,0,0,0.0
83,83,2014,203912,C.J. Wilcox,SG,75.5,77.0,201.0,81.75,100.5,6.5,8.75,9.0,31.0,37.5,11.3,2.92,3.22,0,0.0,0.0,0.0,0.0,0.0,1.0,0.8,0.8,0.8,0.8,0.8,0.8,0.6,0.8,0.4,0.5,0.667,0.333,0.0,0.0,0.0,0.676,0.0,0.0,0,0,0,0.0
84,84,2014,203899,Kendall Williams,PG,74.25,75.75,183.0,77.5,99.0,7.2,8.0,7.75,27.0,33.0,10.83,2.85,0.0,0,0.0,0.0,0.0,0.0,0.0,0.4,0.4,0.4,0.8,0.4,0.4,0.6,0.2,0.4,0.6,0.5,0.333,1.0,0.0,0.0,0.0,0.452,0.0,0.0,0,0,0,0.0
85,85,2014,203942,Patric Young,PF,80.5,82.0,246.8,85.75,103.5,5.45,9.25,9.5,32.0,37.5,11.18,3.06,3.43,0,0.8,0.8,0.6,0.6,0.2,0.0,0.0,0.0,0.0,0.0,0.2,0.4,0.2,0.2,0.4,0.5,0.667,0.167,0.0,0.0,0.0,0.4,0.0,0.0,0,0,0,0.0
86,86,2015,1626147,Justin Anderson,SF-SG,77.25,78.25,230.6,83.75,101.0,5.0,8.5,9.5,38.0,43.0,11.13,2.88,3.22,12,0.0,0.0,0.0,0.0,0.0,1.0,0.4,0.2,0.8,0.8,0.6,0.6,0.6,0.0,0.0,0.875,0.75,0.75,0.0,0.0,0.0,0.667,0.0,21.0,Draft,Virginia,College/University,1.0
87,87,2015,1626165,Brandon Ashley,PF,79.25,80.5,228.0,87.75,105.0,8.8,9.0,9.5,31.5,35.5,11.21,3.35,3.58,9,0.0,0.0,0.0,0.0,0.0,0.8,0.8,0.6,0.6,0.6,0.6,0.4,0.4,0.4,0.4,0.0,0.0,0.0,0.5,0.75,0.625,0.0,0.625,0.0,0,0,0,0.0
88,88,2015,1626207,Ryan Boatright,PG,70.0,71.0,169.6,72.5,92.5,6.6,7.5,8.75,32.0,41.0,10.71,3.05,3.26,10,0.0,0.0,0.0,0.0,0.0,0.6,0.6,0.8,1.0,0.8,0.6,0.6,1.0,0.8,0.4,0.875,0.625,0.75,0.0,0.0,0.0,0.759,0.0,0.0,0,0,0,0.0
89,89,2015,1626148,Anthony Brown,SF-SG,77.75,79.25,211.0,83.0,104.5,6.1,8.5,9.0,27.5,34.5,10.94,3.29,3.18,4,0.0,0.0,0.0,0.0,0.0,0.8,1.0,0.6,1.0,0.8,0.8,0.8,0.8,0.8,1.0,0.625,0.75,0.75,0.0,0.0,0.0,0.682,0.0,34.0,Draft,Stanford,College/University,1.0
90,90,2015,1626176,Rakeem Christmas,PF-C,80.25,81.75,242.6,89.25,110.5,9.6,9.25,9.0,29.0,32.0,11.6,3.3,3.47,9,0.0,0.0,0.0,0.0,0.0,0.4,0.8,0.6,0.8,0.6,0.6,0.2,0.2,0.2,0.6,0.0,0.0,0.0,0.625,0.375,0.25,0.0,0.614,36.0,Draft,Syracuse,College/University,1.0
91,91,2015,1626192,Pat Connaughton,SG,76.0,77.25,215.0,80.0,96.0,10.2,8.5,9.25,37.5,44.0,10.58,3.08,3.2,13,0.0,0.0,0.0,0.0,0.0,1.0,0.6,1.0,0.4,0.8,0.8,1.0,0.6,0.4,0.6,0.75,0.25,0.5,0.0,0.0,0.0,0.0,0.469,41.0,Draft,Notre Dame,College/University,1.0
92,92,2015,1626188,Quinn Cook,PG,72.25,74.0,179.0,76.0,96.5,6.7,7.5,8.75,24.5,31.0,11.44,3.41,3.38,14,0.0,0.0,0.0,0.0,0.0,1.0,1.0,1.0,1.0,1.0,0.4,0.6,1.0,0.8,0.6,0.625,0.5,0.75,0.0,0.0,0.0,0.0,0.694,0.0,0,0,0,0.0
93,93,2015,1626183,Branden Dawson,PF,77.5,78.75,230.2,83.0,105.0,5.8,9.0,8.75,28.5,34.5,12.22,3.53,3.2,12,0.0,0.0,0.0,0.0,0.0,0.4,0.6,0.4,0.4,0.2,0.4,0.8,0.4,0.4,0.6,0.0,0.0,0.0,0.625,0.375,0.5,0.0,0.532,56.0,Draft,Michigan State,College/University,1.0
94,94,2015,1626187,Michael Frazier II,SG,75.75,76.25,199.4,80.0,101.5,7.4,8.25,9.25,27.0,35.0,10.66,3.02,3.32,10,0.0,0.0,0.0,0.0,0.0,1.0,0.4,1.0,0.6,1.0,0.8,0.6,0.8,0.4,0.8,0.0,0.0,0.0,0.5,0.625,0.75,0.0,0.723,0.0,0,0,0,0.0
95,95,2015,1626203,Treveon Graham,SF,76.0,77.75,219.4,82.5,103.0,5.5,8.5,8.25,28.5,31.5,11.64,3.15,3.3,11,0.0,0.0,0.0,0.0,0.0,0.4,0.8,0.6,0.8,0.2,0.6,0.6,0.6,0.8,1.0,0.5,0.75,0.25,0.0,0.0,0.0,0.0,0.78,0.0,0,0,0,0.0
96,96,2015,1626152,Olivier Hanlan,PG-SG,75.25,76.25,185.8,78.0,100.0,4.3,8.0,8.75,28.0,34.0,11.41,3.12,3.25,19,0.0,0.0,0.0,0.0,0.0,0.8,0.8,0.8,0.8,1.0,0.6,0.8,0.4,0.6,0.6,1.0,0.625,0.875,0.0,0.0,0.0,0.0,0.674,42.0,Draft,Boston College,College/University,0.0
97,97,2015,1626150,Andrew Harrison,PG,76.5,77.5,213.2,81.0,100.0,5.9,8.25,9.25,26.5,33.0,11.2,0.0,3.34,0,0.0,0.0,0.0,0.0,0.0,0.6,0.8,0.8,0.4,0.4,0.4,0.2,0.6,0.2,0.2,0.75,0.625,0.5,0.0,0.0,0.0,0.0,0.615,44.0,Draft,Kentucky,College/University,1.0
98,98,2015,1626151,Aaron Harrison,SG,76.5,78.0,209.2,80.25,100.5,6.0,8.75,10.0,28.5,34.5,0.0,0.0,3.27,1,0.0,0.0,0.0,0.0,0.0,1.0,0.4,0.6,0.6,0.6,0.0,0.2,0.2,0.6,0.6,0.25,0.625,0.5,0.0,0.0,0.0,0.0,0.512,0.0,0,0,0,0.0
99,99,2015,1626227,Tyler Harvey,SG,74.75,76.0,181.4,77.5,98.5,9.2,7.75,8.75,26.0,28.5,10.56,2.93,3.44,1,0.0,0.0,0.0,0.0,0.0,1.0,1.0,0.6,0.8,0.6,0.2,0.8,0.4,0.6,0.6,0.5,0.75,0.75,0.0,0.0,0.0,0.0,0.578,51.0,Draft,Eastern Washington,College/University,0.0
100,100,2015,1626158,Richaun Holmes,PF,80.25,81.5,242.8,85.5,108.0,8.8,8.5,8.5,32.5,36.0,11.24,3.31,3.32,15,0.0,0.0,0.0,0.0,0.0,1.0,0.4,0.4,0.4,0.6,0.2,0.2,0.2,0.6,0.4,0.75,0.625,0.125,0.0,0.0,0.0,0.0,0.596,37.0,Draft,Bowling Green,College/University,1.0
101,101,2015,1626182,Jonathan Holmes,PF-SF,80.25,81.25,242.2,83.5,107.5,7.2,8.25,9.5,25.5,31.0,10.95,3.12,3.51,0,0.0,0.0,0.0,0.0,0.0,0.8,0.8,1.0,1.0,0.8,0.6,0.8,0.8,0.6,0.6,0.625,0.875,0.5,0.0,0.0,0.0,0.0,0.0,0.0,0,0,0,0.0
102,102,2015,1626205,Vince Hunter,PF,78.75,79.5,208.4,83.0,104.5,4.6,9.0,8.75,33.5,37.5,11.19,3.06,3.26,13,0.0,0.0,0.0,0.0,0.0,0.2,0.0,0.8,0.6,0.4,0.0,0.4,0.2,0.4,0.8,0.0,0.0,0.0,0.625,0.125,0.75,0.308,0.0,0.0,0,0,0,0.0
103,103,2015,204456,TJ McConnell,PG,72.5,74.0,187.8,74.0,96.5,7.3,7.5,7.0,26.0,31.5,10.95,3.09,3.3,7,0.0,0.0,0.0,0.0,0.0,0.8,0.8,0.6,0.8,0.4,0.4,0.6,0.4,1.0,0.2,0.625,0.625,0.5,0.0,0.0,0.0,0.0,0.766,0.0,0,0,0,0.0
104,104,2015,1626175,Jordan Mickey,PF,79.0,80.25,238.0,87.25,106.0,7.2,8.75,9.5,33.0,37.5,11.72,3.13,3.28,9,0.0,0.0,0.0,0.0,0.0,0.6,0.4,0.6,1.0,0.2,0.4,0.2,0.6,0.6,0.4,0.0,0.0,0.0,0.75,0.75,0.875,0.0,0.596,33.0,Draft,Louisiana State,College/University,1.0
105,105,2015,2006,Larry Nance,PF,79.5,80.5,226.6,85.5,108.0,6.4,9.0,9.75,29.0,37.5,10.93,3.01,3.25,10,0.0,0.0,0.0,0.0,0.0,0.8,0.2,0.4,0.8,0.6,1.0,0.6,0.4,0.6,0.6,0.875,0.625,0.75,0.0,0.0,0.0,0.0,0.659,0.0,0,0,0,0.0
106,106,2015,1626166,Cameron Payne,PG,72.75,73.5,182.8,79.25,97.5,6.3,8.5,8.25,29.75,35.5,10.9,2.93,3.28,0,0.0,0.0,0.0,0.0,0.0,1.0,0.6,0.6,0.8,0.8,0.6,0.8,0.2,0.6,0.6,0.125,0.625,0.75,0.0,0.0,0.0,0.595,0.0,14.0,Draft,Murray State,College/University,1.0
107,107,2015,1626189,Terran Petteway,SG,76.75,78.0,209.2,83.25,104.5,4.9,8.25,8.25,25.0,31.0,10.91,3.1,3.32,15,0.0,0.0,0.0,0.0,0.0,0.6,0.6,0.8,0.4,0.2,1.0,0.8,0.6,0.6,0.6,0.875,0.875,0.75,0.0,0.0,0.0,0.0,0.674,0.0,0,0,0,0.0
108,108,2015,1626181,Norman Powell,SG,75.0,76.25,215.4,82.75,102.5,6.4,9.25,9.0,32.5,40.5,10.69,3.2,3.2,5,0.0,0.0,0.0,0.0,0.0,0.8,0.4,1.0,0.2,0.8,0.6,0.4,0.4,0.2,0.6,1.0,0.75,0.625,0.0,0.0,0.0,0.0,0.619,46.0,Draft,California-Los Angeles,College/University,1.0
109,109,2015,1626184,Chasson Randle,PG,72.25,73.5,178.8,79.0,96.5,4.5,8.5,9.5,33.5,39.5,10.63,2.81,3.2,6,0.0,0.0,0.0,0.0,0.0,0.4,0.6,0.6,0.8,0.4,0.2,0.8,0.4,0.8,0.8,0.875,0.75,0.5,0.0,0.0,0.0,0.0,0.689,0.0,0,0,0,0.0
110,110,2015,1626179,Terry Rozier,PG-SG,72.5,74.25,190.2,80.25,98.5,5.6,8.25,8.5,33.0,38.0,10.84,2.84,3.15,7,0.0,0.0,0.0,0.0,0.0,0.8,0.8,0.8,0.8,0.6,1.0,1.0,1.0,0.6,0.8,0.625,0.625,0.75,0.0,0.0,0.0,0.809,0.0,16.0,Draft,Louisville,College/University,1.0
111,111,2015,1626208,Keifer Sykes,PG,70.5,71.75,167.2,74.0,93.0,5.0,8.5,9.5,34.0,43.0,10.47,3.15,3.13,8,0.0,0.0,0.0,0.0,0.0,0.8,0.6,1.0,0.6,0.4,0.8,0.2,0.6,0.2,0.2,0.5,0.5,0.625,0.0,0.0,0.0,0.0,0.75,0.0,0,0,0,0.0
112,112,2015,1626194,Marcus Thornton,PG-SG,73.75,74.75,177.4,79.75,97.5,5.3,8.25,8.5,34.5,43.0,10.78,2.88,3.02,3,0.0,0.0,0.0,0.0,0.0,0.6,0.4,0.4,0.4,0.4,0.6,0.8,0.6,0.4,0.2,0.25,0.75,0.625,0.0,0.0,0.0,0.0,0.622,45.0,Draft,William & Mary,College/University,0.0
113,113,2015,1626160,J.P. Tokoto,SF-SG,77.25,78.25,195.8,82.0,100.5,4.1,8.0,8.75,34.5,40.0,10.97,3.2,3.27,12,0.0,0.0,0.0,0.0,0.0,0.2,0.8,0.2,0.6,0.8,0.6,0.2,0.2,0.4,0.4,0.625,0.5,0.625,0.0,0.0,0.0,0.0,0.596,58.0,Draft,North Carolina,College/University,1.0
114,114,2015,1626173,Rashad Vaughn,SG,75.75,77.0,198.6,79.0,101.0,6.2,8.0,8.5,28.0,34.0,11.4,3.1,3.21,5,0.0,0.0,0.0,0.0,0.0,0.6,0.6,0.8,0.4,0.8,0.0,0.0,0.0,0.0,0.0,0.833,0.667,1.0,0.0,0.0,0.0,0.7,0.0,17.0,Draft,Nevada-Las Vegas,College/University,1.0
115,115,2015,1626217,Chris Walker,PF,80.75,81.25,208.0,86.75,108.0,5.1,9.0,9.0,30.5,37.0,11.25,3.41,3.35,6,0.0,0.0,0.0,0.0,0.0,0.6,0.4,0.2,0.6,0.4,1.0,0.4,0.4,0.0,0.2,0.0,0.0,0.0,0.25,0.625,0.625,0.214,0.0,0.0,0,0,0,0.0
116,116,2015,1627361,Dez Wells,SG,75.0,76.0,208.8,81.5,100.5,8.1,8.75,9.75,31.5,39.0,10.56,3.05,3.2,15,0.0,0.0,0.0,0.0,0.0,0.6,0.8,0.6,0.6,0.4,0.6,0.0,0.4,0.4,0.4,0.5,0.875,0.5,0.0,0.0,0.0,0.0,0.63,0.0,0,0,0,0.0
117,117,2015,1626210,Alan Williams,PF,79.25,80.25,261.4,85.75,106.5,12.0,8.5,9.5,25.5,28.5,12.26,3.54,3.5,8,0.0,0.0,0.0,0.0,0.0,0.4,0.6,0.4,0.6,0.6,0.0,0.0,0.0,0.0,0.2,0.0,0.0,0.0,0.875,0.375,0.25,0.417,0.0,0.0,0,0,0,0.0
118,118,2017,1628959,Rawle Alkins,SG-SF,74.5,75.75,222.6,80.75,99.0,11.0,8.75,10.0,31.5,40.5,11.99,3.18,3.3,7,0.0,0.0,0.0,0.0,0.0,0.8,1.0,0.4,0.2,0.4,0.6,0.6,0.8,0.8,0.6,0.333,0.833,0.5,0.0,0.0,0.0,0.641,0.0,0.0,0,0,0,0.0
119,119,2017,1628443,Kadeem Allen,PG,73.0,74.25,192.4,81.25,99.5,6.4,8.5,8.75,33.0,35.5,11.24,2.98,3.15,7,0.0,0.0,0.0,0.0,0.0,0.6,0.6,0.6,0.4,0.8,0.6,0.8,0.6,0.4,0.4,0.5,0.833,0.667,0.0,0.0,0.0,0.714,0.0,53.0,Draft,Arizona,College/University,1.0
120,120,2017,1628503,Jamel Artis,SG-SF,77.5,78.75,213.2,82.0,105.0,11.9,9.25,9.75,23.5,31.0,11.62,3.08,3.44,5,0.6,0.4,0.6,0.6,0.6,0.0,0.0,0.0,0.0,0.0,0.4,0.0,0.6,0.8,0.8,0.5,0.667,0.833,0.0,0.0,0.0,0.528,0.0,0.0,0,0,0,0.0
121,121,2017,1628431,V.J. Beachem,SG-SF,78.25,80.0,193.4,82.25,104.5,6.8,8.5,9.0,30.0,37.0,11.18,3.19,3.26,11,0.4,0.6,0.6,0.2,0.8,0.0,0.0,0.0,0.0,0.0,0.4,0.8,0.4,0.4,1.0,0.5,0.833,0.667,0.0,0.0,0.0,0.632,0.0,0.0,0,0,0,0.0
122,122,2017,1628395,Jordan Bell,PF,79.0,80.5,223.6,83.75,104.5,5.4,9.25,9.5,31.5,38.0,10.63,2.83,3.21,16,0.8,0.2,0.2,0.0,0.4,0.0,0.0,0.0,0.0,0.0,0.8,0.0,0.4,0.4,0.4,0.667,0.5,0.167,0.0,0.0,0.0,0.605,0.0,38.0,Draft,Oregon,College/University,1.0
123,123,2017,1628417,Jaron Blossomgame,SF,77.75,78.75,218.6,82.0,104.5,5.7,8.75,10.25,31.0,35.5,11.47,3.35,3.17,16,0.0,0.0,0.0,0.0,0.0,0.2,0.8,0.0,0.4,0.6,0.4,0.8,0.4,0.4,0.8,0.5,0.333,0.5,0.0,0.0,0.0,0.593,0.0,59.0,Draft,Clemson,College/University,1.0
124,124,2017,1628396,Tony Bradley,C,81.25,82.75,248.8,89.0,112.5,12.0,9.5,9.5,24.5,27.5,11.79,2.99,3.44,5,0.0,0.0,0.0,0.0,0.0,1.0,0.4,0.8,0.6,0.8,0.6,0.4,0.6,0.2,0.8,0.5,0.375,0.625,0.0,0.0,0.0,0.543,0.0,28.0,Draft,North Carolina,College/University,1.0
125,125,2017,1628515,Isaiah Briscoe,PG,73.25,74.75,222.4,81.0,99.5,11.0,9.0,9.25,28.0,33.5,10.95,2.85,3.38,11,0.0,0.0,0.0,0.0,0.0,0.8,0.0,0.2,0.4,0.6,0.8,1.0,1.0,0.6,0.4,0.0,0.0,0.0,0.5,0.5,0.5,0.0,0.611,0.0,0,0,0,0.0
126,126,2017,1628415,Dillon Brooks,SG-SF,77.0,78.0,220.2,78.0,100.5,7.5,8.25,9.25,31.0,37.5,11.14,3.24,3.21,16,0.0,0.0,0.0,0.0,0.0,0.8,1.0,1.0,0.6,0.6,0.6,0.6,1.0,0.8,0.6,0.375,0.5,0.25,0.0,0.0,0.0,0.632,0.0,45.0,Draft,Oregon,College/University,1.0
127,127,2017,1628381,John Collins,PF,80.25,81.5,225.2,83.25,106.5,5.4,9.0,10.0,33.0,37.5,11.66,3.27,3.27,15,0.0,0.0,0.0,0.0,0.0,0.6,0.4,0.6,0.6,0.6,0.8,0.6,1.0,0.0,0.8,0.375,0.5,0.5,0.0,0.0,0.0,0.636,0.0,19.0,Draft,Wake Forest,College/University,1.0
128,128,2017,1628416,Tyler Dorsey,SG,75.0,76.5,182.6,77.25,99.5,4.7,8.5,9.25,30.5,36.0,10.55,2.98,3.16,8,0.0,0.0,0.0,0.0,0.0,0.4,0.4,0.8,0.6,0.4,1.0,0.8,0.4,0.6,0.4,0.5,0.833,0.5,0.0,0.0,0.0,0.556,0.0,41.0,Draft,Oregon,College/University,1.0
129,129,2017,1628422,Damyean Dotson,SG-SF,76.5,77.5,205.2,81.0,100.0,5.3,8.5,9.25,31.5,38.0,11.18,3.03,3.13,13,0.0,0.0,0.0,0.0,0.0,0.6,1.0,0.4,0.8,0.2,1.0,0.6,0.6,0.6,1.0,0.0,0.0,0.0,0.667,1.0,0.5,0.0,0.703,44.0,Draft,Houston,College/University,1.0
130,130,2017,1628408,PJ Dozier,SG,77.25,78.75,200.6,83.0,101.0,6.1,8.5,9.5,34.0,39.0,10.84,2.98,3.15,9,0.0,0.0,0.0,0.0,0.0,0.4,0.2,0.8,0.2,1.0,0.4,0.6,0.2,0.2,0.6,0.667,0.667,0.333,0.0,0.0,0.0,0.676,0.0,0.0,0,0,0,0.0
131,131,2017,1628502,Nigel Hayes,PF,78.25,79.5,254.2,87.25,104.5,11.5,8.75,10.0,29.0,33.5,11.81,2.94,3.27,16,0.0,0.0,0.0,0.0,0.0,0.6,0.6,0.2,0.4,0.8,0.6,0.4,0.4,0.6,0.6,0.167,0.5,0.667,0.0,0.0,0.0,0.375,0.0,0.0,0,0,0,0.0
132,132,2017,1628439,Isaiah Hicks,PF,79.25,80.5,233.4,84.5,105.0,7.7,8.75,9.75,31.5,37.0,12.31,3.31,3.36,11,0.0,0.0,0.0,0.0,0.0,0.0,0.0,0.0,0.0,0.0,0.4,0.4,0.6,0.4,0.4,0.833,0.333,0.667,0.0,0.0,0.0,0.542,0.0,0.0,0,0,0,0.0
133,133,2017,1628411,Wesley Iwundu,SG-SF,77.5,78.75,193.4,85.0,105.5,4.0,8.75,9.5,31.5,36.0,11.25,3.23,3.36,5,0.0,0.0,0.0,0.0,0.0,0.8,1.0,0.6,0.6,0.8,0.8,0.8,0.4,0.6,0.8,0.0,0.0,0.0,0.833,0.667,0.5,0.0,0.5,33.0,Draft,Kansas State,College/University,1.0
134,134,2017,1628992,Justin Jackson (UMD),SF,77.75,79.0,219.4,87.25,107.0,7.1,9.0,9.5,26.5,31.5,11.78,3.08,3.43,0,0.0,0.0,0.0,0.0,0.0,1.0,0.833,0.4,0.8,0.8,0.8,0.2,0.6,0.4,0.8,0.833,0.5,0.667,0.0,0.0,0.0,0.639,0.0,43.0,Draft,Maryland,College/University,0.0
135,135,2017,1628514,Peter Jok,SG-SF,76.25,77.75,202.4,80.0,102.0,11.0,8.25,9.5,26.5,31.0,11.34,2.93,3.41,0,0.0,0.0,0.0,0.0,0.0,0.8,0.8,0.8,0.8,0.4,0.6,1.0,0.8,0.8,0.8,0.4,0.833,0.333,0.0,0.0,0.0,0.684,0.0,0.0,0,0,0,0.0
136,136,2017,1628399,Tyler Lydon,PF,80.25,81.5,215.0,84.0,107.5,13.6,8.75,8.75,29.5,33.5,11.68,2.81,3.46,1,0.0,0.0,0.0,0.0,0.0,0.8,0.6,0.8,0.8,0.8,0.8,0.8,1.0,0.4,0.6,0.5,0.5,0.375,0.0,0.0,0.0,0.771,0.0,24.0,Draft,Syracuse,College/University,1.0
137,137,2017,1628412,Frank Mason III,PG,71.0,72.0,188.8,75.25,94.0,4.3,8.0,9.25,34.0,41.0,11.41,3.09,3.18,15,0.0,0.0,0.0,0.0,0.0,1.0,0.8,0.8,0.2,0.8,0.6,0.8,0.6,0.2,0.6,0.571,1.0,0.833,0.0,0.0,0.0,0.571,0.0,34.0,Draft,Kansas,College/University,1.0
138,138,2017,1628452,Kennedy Meeks,C,80.75,82.25,276.6,85.0,106.0,11.5,8.75,8.75,28.0,30.5,12.91,3.35,3.5,15,0.6,1.0,1.0,0.2,0.4,0.0,0.0,0.0,0.0,0.0,0.8,0.0,0.4,0.8,0.8,0.5,0.333,0.333,0.0,0.0,0.0,0.684,0.0,0.0,0,0,0,0.0
139,139,2017,1628420,Monte Morris,PG,73.25,74.5,175.2,76.0,96.5,6.9,8.25,8.75,28.0,33.5,11.0,3.2,3.19,8,0.0,0.0,0.0,0.0,0.0,1.0,0.6,1.0,0.4,0.4,0.4,1.0,0.4,0.6,0.6,1.0,0.833,0.833,0.0,0.0,0.0,0.765,0.0,51.0,Draft,Iowa State,College/University,1.0
140,140,2017,1629004,Svi Mykhailiuk,SG-SF,78.5,79.5,219.6,77.0,100.0,11.4,8.0,9.25,27.0,33.0,12.4,3.25,3.53,8,0.0,0.0,0.0,0.0,0.0,0.8,0.8,1.0,0.8,0.4,0.8,1.0,1.0,0.2,1.0,0.5,0.75,0.25,0.0,0.0,0.0,0.703,0.0,47.0,Draft,Kansas,College/University,1.0
141,141,2017,1628419,Cameron Oliver,PF,79.0,80.25,238.6,85.25,106.5,7.7,9.5,10.25,28.0,39.5,12.17,3.31,3.16,5,0.8,0.6,0.8,0.4,0.4,0.2,0.2,0.4,0.6,0.4,0.0,0.0,0.0,0.0,0.0,0.0,0.0,0.0,0.0,0.0,0.0,0.0,0.0,0.0,0,0,0,0.0
142,142,2017,1628421,Devin Robinson,SF,79.0,80.25,189.6,84.75,106.0,3.2,9.25,10.25,35.5,41.5,12.85,3.61,3.23,10,0.0,0.0,0.0,0.0,0.0,0.4,0.4,0.8,0.6,0.4,0.0,0.0,0.0,0.0,0.0,0.0,0.0,0.0,0.0,0.0,0.0,0.0,0.0,0.0,0,0,0,0.0
143,143,2017,1628424,Kobi Simmons,PG,75.25,76.5,166.2,78.0,99.0,5.0,8.5,9.5,30.5,38.5,11.15,2.98,3.18,3,0.0,0.0,0.0,0.0,0.0,0.4,1.0,0.6,0.4,0.6,0.8,0.8,0.8,0.4,0.2,0.0,0.0,0.0,0.5,0.833,0.667,0.0,0.5,0.0,0,0,0,0.0
144,144,2017,1628414,Sindarius Thornwell,SG-SF,75.5,76.75,211.6,82.0,103.0,7.8,8.75,8.75,27.0,30.5,11.48,3.03,3.36,15,0.0,0.0,0.0,0.0,0.0,0.8,0.8,0.6,0.6,0.4,0.2,0.6,0.8,0.2,0.6,0.625,0.625,0.375,0.0,0.0,0.0,0.59,0.0,48.0,Draft,South Carolina,College/University,1.0
145,145,2017,1628453,Melo Trimble,PG,73.25,74.5,195.2,74.0,95.5,10.6,8.0,8.75,24.5,32.0,10.75,2.92,3.27,6,0.0,0.0,0.0,0.0,0.0,0.8,1.0,0.4,0.8,1.0,0.6,0.6,0.6,0.2,0.8,0.0,0.0,0.0,0.667,0.667,0.667,0.0,0.667,0.0,0,0,0,0.0
146,146,2017,1629021,Moritz Wagner,PF,82.0,83.25,231.2,84.0,108.0,6.7,8.75,10.75,25.5,32.5,12.0,2.98,3.35,0,0.0,0.0,0.0,0.0,0.0,0.6,0.6,0.8,1.0,0.4,0.8,0.4,0.8,0.8,0.2,0.0,0.0,0.0,0.5,0.333,0.833,0.0,0.611,25.0,Draft,Michigan,College/University,1.0
147,147,2017,1628476,Derrick Walton Jr.,PG,71.0,72.75,188.6,74.5,95.0,5.8,8.0,8.5,26.0,32.5,11.28,3.12,3.29,9,0.0,0.0,0.0,0.0,0.0,0.0,0.0,0.0,0.0,0.0,1.0,0.4,0.4,0.8,0.8,0.833,0.333,0.667,0.0,0.0,0.0,0.821,0.0,0.0,0,0,0,0.0
148,148,2017,1628401,Derrick White,PG,75.25,76.5,189.8,79.5,101.5,6.2,8.25,8.5,31.0,36.5,10.84,2.92,3.08,10,0.0,0.0,0.0,0.0,0.0,0.6,0.2,1.0,0.4,0.6,0.8,0.6,0.4,0.4,0.6,0.333,0.167,0.833,0.0,0.0,0.0,0.697,0.0,29.0,Draft,Colorado,College/University,1.0
149,149,2017,1962937123,Omer Yurtseven,C,82.5,83.75,248.4,85.0,108.5,7.6,9.0,10.5,26.0,31.5,12.85,3.3,3.45,6,0.0,0.4,0.2,0.2,0.6,0.6,0.2,0.4,0.4,0.2,0.0,0.0,0.0,0.0,0.0,0.0,0.0,0.0,0.0,0.0,0.0,0.0,0.0,0.0,0,0,0,0.0
150,150,2018,1628959,Rawle Alkins,SG,74.75,76.25,217.4,80.75,99.0,8.9,8.5,10.0,32.5,40.5,11.5,3.09,3.15,10,0.4,0.8,0.6,0.8,0.6,0.0,0.0,0.0,0.0,0.0,0.2,0.8,0.6,1.0,0.4,0.5,0.25,0.5,0.0,0.0,0.0,0.794,0.0,0.0,0,0,0,0.0
151,151,2018,1628961,Kostas Antetokounmpo,PF,81.0,82.5,194.8,86.25,110.0,5.0,9.25,9.5,29.5,35.0,12.48,3.48,3.21,0,0.6,0.4,0.4,0.6,0.6,0.0,0.0,0.0,0.0,0.0,0.4,0.2,0.6,0.6,0.8,0.5,0.25,0.25,0.0,0.0,0.0,0.5,0.0,60.0,Draft,Dayton,College/University,1.0
152,152,2018,1628965,Jaylen Barford,PG-SG,73.25,74.25,207.6,75.5,96.5,11.65,8.0,8.25,27.0,33.0,11.39,3.21,3.31,7,0.4,0.6,0.6,0.8,0.8,0.0,0.0,0.0,0.0,0.0,0.8,0.4,0.2,0.5,0.6,0.75,0.75,0.75,0.0,0.0,0.0,0.559,0.0,0.0,0,0,0,0.0
153,153,2018,1628966,Keita Bates-Diop,SG-SF,79.25,80.5,223.8,87.25,106.5,5.35,9.0,8.5,30.5,35.0,11.2,3.28,3.17,11,0.4,0.8,1.0,1.0,0.8,0.0,0.0,0.0,0.0,0.0,0.6,0.6,0.2,0.6,0.8,0.25,0.25,0.75,0.0,0.0,0.0,0.619,0.2,48.0,Draft,Ohio State,College/University,1.0
154,154,2018,1628967,Tyus Battle,SG,77.0,78.75,200.2,81.0,102.0,4.0,8.5,9.25,32.0,37.5,11.04,2.87,3.07,9,0.8,0.8,0.8,0.4,0.8,0.0,0.0,0.0,0.0,0.0,0.8,0.8,0.8,0.4,0.8,0.75,0.75,0.7,0.0,0.0,0.0,0.0,0.0,0.0,0,0,0,0.0
155,155,2018,1628968,Brian Bowen,SG-SF,78.25,79.5,202.0,82.25,103.5,7.6,9.0,10.0,30.5,34.0,11.58,3.33,3.28,0,0.4,0.6,0.6,0.6,0.4,0.0,0.0,0.0,0.0,0.0,0.6,0.6,0.4,0.4,0.4,0.75,0.75,0.25,0.0,0.0,0.0,0.586,0.0,0.0,0,0,0,0.0
156,156,2018,1628974,Tony Carr,PG,75.0,76.5,198.8,80.25,100.0,6.5,8.5,9.75,25.0,31.5,11.89,3.4,3.17,0,0.4,0.8,0.8,0.8,1.0,0.0,0.0,0.0,0.0,0.0,1.0,0.8,0.8,0.6,0.8,0.5,0.25,0.75,0.0,0.0,0.0,0.69,0.0,51.0,Draft,Penn State,College/University,0.0
157,157,2018,1628975,Jevon Carter,PG,72.25,73.5,196.2,76.25,95.0,4.15,9.25,8.5,29.0,36.5,11.04,3.05,3.18,14,0.6,0.8,0.6,0.8,0.6,0.0,0.0,0.0,0.0,0.0,1.0,0.6,0.8,0.6,0.6,0.5,0.25,1.0,0.0,0.0,0.0,0.71,0.0,32.0,Draft,West Virginia,College/University,1.0
158,158,2018,1628978,Donte DiVincenzo,SG,75.5,76.5,200.6,78.0,97.5,5.0,8.25,9.0,34.5,42.0,10.72,3.12,3.11,12,1.0,1.0,0.8,0.8,1.0,0.0,0.0,0.0,0.0,0.0,0.4,0.4,0.8,0.8,0.6,0.5,0.75,1.0,0.0,0.0,0.0,0.483,0.0,17.0,Draft,Villanova,College/University,1.0
159,159,2018,1629035,Carsen Edwards,PG,70.75,72.0,195.6,78.25,94.5,6.3,8.5,9.25,28.5,34.5,11.59,3.15,3.2,12,1.0,0.6,0.6,0.4,0.8,0.0,0.0,0.0,0.0,0.0,0.4,1.0,0.6,0.8,0.6,0.75,0.75,0.25,0.0,0.0,0.0,0.88,0.0,33.0,Draft,Purdue,College/University,1.0
160,160,2018,1628981,Bruno Fernando,C,80.75,81.75,233.2,88.25,109.0,5.25,9.5,10.0,29.0,35.0,12.19,3.03,3.23,11,0.0,0.0,0.0,0.0,0.0,0.6,0.6,0.8,0.6,0.6,0.8,0.4,0.8,0.6,0.6,0.5,0.25,0.5,0.5,0.5,0.5,0.7,0.0,34.0,Draft,Maryland,College/University,1.0
161,161,2018,1628984,Devonte Graham,PG,72.25,73.5,186.4,78.25,96.0,4.8,8.5,9.5,31.0,37.0,11.28,3.15,3.21,14,0.6,0.6,0.4,0.4,0.6,0.0,0.0,0.0,0.0,0.0,0.6,0.6,0.6,0.8,0.4,0.5,0.25,0.75,0.0,0.0,0.0,0.657,0.0,34.0,Draft,Kansas,College/University,1.0
162,162,2018,1628985,Devon Hall,SG,76.25,78.0,206.4,79.75,102.0,8.45,8.5,10.0,25.0,31.0,10.95,3.16,3.27,6,0.6,1.0,0.6,1.0,0.6,0.0,0.0,0.0,0.0,0.0,0.8,0.8,0.8,0.6,0.8,0.5,0.75,0.75,0.5,0.75,1.0,0.735,0.0,53.0,Draft,Virginia,College/University,1.0
163,163,2018,1628986,Jaylen Hands,PG,73.5,74.75,179.0,77.5,98.0,5.0,8.0,8.0,31.5,39.5,12.11,3.16,3.13,6,0.6,1.0,0.6,1.0,0.6,0.0,0.0,0.0,0.0,0.0,0.4,0.6,0.6,0.2,0.6,0.5,0.75,0.25,0.0,0.0,0.0,0.647,0.0,56.0,Draft,California-Los Angeles,College/University,0.0
164,164,2018,1628987,Kevin Hervey,PF,78.5,79.75,211.6,87.5,107.0,5.15,9.25,10.25,27.5,32.0,11.28,3.15,3.36,4,0.0,0.0,0.0,0.0,0.0,0.6,0.6,0.6,0.8,0.6,0.6,0.6,0.6,0.6,0.6,0.5,0.25,0.5,0.5,0.75,0.5,0.778,0.0,57.0,Draft,Texas-Arlington,College/University,1.0
165,165,2018,1628988,Aaron Holiday,PG,71.75,72.75,187.0,79.5,97.0,6.4,8.75,8.5,25.5,33.0,10.96,3.22,3.27,0,1.0,0.6,0.8,0.6,1.0,0.0,0.0,0.0,0.0,0.0,0.6,1.0,1.0,0.6,0.6,0.0,0.75,0.75,0.0,0.0,0.0,0.0,0.643,23.0,Draft,California-Los Angeles,College/University,1.0
166,166,2018,1628989,Kevin Huerter,SG,78.25,79.25,194.0,79.5,101.5,8.6,8.25,8.5,31.0,38.0,10.89,2.97,3.09,9,0.0,0.0,0.0,0.0,0.0,0.6,0.6,0.4,0.6,1.0,0.6,0.8,0.6,1.0,1.0,0.25,0.5,0.25,0.25,0.75,0.75,0.871,0.0,19.0,Draft,Maryland,College/University,1.0
167,167,2018,1628993,Alize Johnson,PF,79.25,80.0,216.6,80.75,103.0,8.1,8.5,9.75,25.0,31.0,11.83,3.28,3.38,8,0.2,0.6,1.0,0.2,0.4,0.0,0.0,0.0,0.0,0.0,0.4,0.4,0.4,0.6,0.4,0.5,0.75,0.25,0.0,0.0,0.0,0.5,0.0,50.0,Draft,Missouri State,College/University,1.0
168,168,2018,1628994,George King,SF-SG,76.75,78.0,218.6,83.5,101.5,7.25,9.0,10.25,31.0,39.0,10.75,3.08,3.29,15,0.8,0.6,0.8,0.8,0.6,0.0,0.0,0.0,0.0,0.0,0.6,0.2,0.8,0.4,0.4,0.5,0.75,0.75,0.5,0.75,0.5,0.679,0.0,59.0,Draft,Colorado,College/University,1.0
169,169,2018,1628996,Sagaba Konate,C,78.5,79.5,246.0,84.0,106.5,7.35,9.25,10.0,31.5,35.0,12.28,3.36,3.28,12,0.6,0.8,0.6,0.6,0.6,0.0,0.0,0.0,0.0,0.0,0.6,0.4,0.6,0.0,0.6,0.75,0.5,1.0,0.0,0.0,0.0,0.613,0.0,0.0,0,0,0,0.0
170,170,2018,1628997,Caleb Martin,SF-SG,76.75,78.0,195.8,82.0,101.5,7.0,8.5,8.75,29.0,36.5,10.43,2.75,3.26,6,0.8,1.0,0.8,0.6,0.4,0.0,0.0,0.0,0.0,0.0,0.2,0.6,0.6,0.6,0.6,0.5,0.25,0.5,0.5,0.5,0.75,0.69,0.0,0.0,0,0,0,0.0
171,171,2018,1628998,Cody Martin,SG-SF,76.75,78.0,188.6,82.25,102.5,5.45,8.5,9.0,29.0,36.5,10.64,3.05,3.09,4,0.2,0.6,0.6,0.6,0.4,0.0,0.0,0.0,0.0,0.0,1.0,0.6,0.2,0.8,0.6,0.5,0.75,0.75,0.75,1.0,0.5,0.826,0.0,36.0,Draft,North Carolina State,College/University,1.0
172,172,2018,1628999,Yante Maten,PF-C,79.25,80.5,246.2,84.5,107.5,8.1,9.25,10.0,27.0,31.5,11.35,3.13,3.17,18,0.6,0.6,0.4,0.8,0.4,0.0,0.0,0.0,0.0,0.0,0.8,0.6,0.2,0.6,0.6,0.5,0.375,0.625,0.0,0.0,0.0,0.593,0.0,0.0,0,0,0,0.0
173,173,2018,1629000,Brandon McCoy,C,83.5,84.5,250.4,86.0,110.5,8.7,9.75,9.5,27.5,32.0,11.77,3.31,3.23,9,0.75,0.6,0.4,0.6,0.8,0.0,0.0,0.0,0.0,0.0,0.8,0.8,0.2,0.8,0.2,0.25,0.75,0.5,0.0,0.0,0.0,0.679,0.0,0.0,0,0,0,0.0
174,174,2018,1629001,DeAnthony Melton,SG-PG,74.25,75.25,193.2,80.5,99.5,5.2,8.5,9.5,31.0,36.5,11.48,3.33,3.23,1,0.8,0.6,1.0,0.2,0.2,0.0,0.0,0.0,0.0,0.0,0.8,0.6,0.4,0.4,0.6,0.5,1.0,0.75,0.0,0.0,0.0,0.621,0.0,46.0,Draft,Southern California,College/University,1.0
175,175,2018,1629002,Chimezie Metu,PF-C,80.5,81.5,219.6,84.5,108.0,5.05,9.0,9.25,29.5,36.0,11.89,3.25,3.33,5,0.0,0.0,0.0,0.0,0.0,0.6,0.4,0.6,0.4,0.6,0.4,0.6,1.0,0.6,0.6,1.0,0.25,0.25,0.0,0.0,0.0,0.0,0.71,49.0,Draft,Southern California,College/University,1.0
176,176,2018,1629003,Shake Milton,SG-PG,76.5,77.5,207.2,84.75,99.5,6.8,8.75,9.5,30.0,33.0,11.07,3.19,3.25,2,0.0,0.0,0.0,0.0,0.0,0.8,0.4,0.6,0.8,0.4,0.4,0.6,0.6,0.8,1.0,0.75,0.5,0.5,0.25,0.5,0.5,0.714,0.0,54.0,Draft,Southern Methodist,College/University,1.0
177,177,2018,1629004,Sviatoslav Mykhailiuk,SG-SF,78.5,79.75,211.6,76.75,100.0,8.45,8.25,9.5,30.5,37.0,11.25,3.18,3.15,4,0.4,0.8,0.4,0.6,1.0,0.0,0.0,0.0,0.0,0.0,0.6,0.8,0.8,0.6,0.8,0.875,0.75,0.625,0.0,0.0,0.0,0.0,0.0,47.0,Draft,Kansas,College/University,1.0
178,178,2018,1629006,Josh Okogie,SG,75.0,76.5,210.8,84.0,102.0,5.2,9.0,9.75,33.0,42.0,11.08,3.03,3.04,12,0.8,1.0,1.0,1.0,0.8,0.0,0.0,0.0,0.0,0.0,0.6,0.4,0.8,0.8,0.6,0.5,1.0,1.0,0.0,0.0,0.0,0.516,0.0,20.0,Draft,Georgia Tech,College/University,1.0
179,179,2018,1629033,Theo Pinson,SG-SF,77.0,78.75,211.2,82.75,103.5,7.35,9.0,9.0,27.0,34.0,11.53,3.11,3.22,7,0.6,0.8,1.0,0.4,1.0,0.0,0.0,0.0,0.0,0.0,0.4,0.6,0.4,0.6,0.8,0.25,0.25,0.25,0.0,0.0,0.0,0.486,0.0,0.0,0,0,0,0.0
180,180,2018,1629007,Jontay Porter,C-PF,82.0,83.5,236.0,84.25,109.0,13.85,8.75,9.5,25.5,31.0,11.9,3.07,3.4,9,0.8,0.6,0.8,0.8,0.6,0.0,0.0,0.0,0.0,0.0,0.4,1.0,0.6,0.4,0.8,0.25,0.75,0.75,0.0,0.0,0.0,0.5,0.579,0.0,0,0,0,0.0
181,181,2018,1629013,Landry Shamet,PG,76.0,77.25,188.6,78.75,100.0,4.85,8.0,9.0,31.0,39.5,11.26,3.21,3.11,8,0.8,0.8,1.0,0.8,0.8,0.0,0.0,0.0,0.0,0.0,0.8,1.0,0.6,0.6,0.6,0.75,0.75,0.75,0.0,0.0,0.0,0.743,0.0,26.0,Draft,Wichita State,College/University,1.0
182,182,2018,1629034,Ray Spalding,PF,81.0,82.25,215.4,88.75,109.0,5.55,9.25,9.0,26.0,32.0,11.48,3.2,3.34,12,0.0,0.0,0.0,0.0,0.0,0.6,0.6,0.8,0.6,0.8,0.8,0.4,0.8,0.6,0.6,0.25,0.25,0.75,0.25,0.75,0.5,0.5,0.0,56.0,Draft,Louisville,College/University,1.0
183,183,2018,1629016,Omari Spellman,PF-C,80.0,81.25,253.8,86.0,107.5,13.75,9.0,9.0,28.5,35.5,12.28,3.35,3.38,8,0.8,0.4,0.8,0.6,0.8,0.0,0.0,0.0,0.0,0.0,0.4,0.8,0.6,0.4,0.4,0.75,0.5,0.25,0.0,0.0,0.0,0.6,0.0,30.0,Draft,Villanova,College/University,1.0
184,184,2018,1629018,Gary Trent,SG,76.25,77.75,204.2,80.75,98.0,7.0,8.5,9.5,33.5,39.5,11.37,2.99,3.12,12,0.2,0.8,0.8,0.6,0.8,0.0,0.0,0.0,0.0,0.0,0.6,0.6,1.0,0.6,0.4,1.0,0.75,1.0,0.0,0.0,0.0,0.72,0.0,37.0,Draft,Duke,College/University,1.0
185,185,2018,1629019,Allonzo Trier,SG,75.75,77.25,198.0,78.75,98.0,4.95,8.25,10.5,32.0,40.0,11.02,2.97,3.14,11,0.0,0.0,0.0,0.0,0.0,1.0,0.8,0.8,1.0,1.0,0.8,0.4,0.8,0.8,0.6,1.0,0.25,0.25,0.5,1.0,1.0,0.714,0.0,0.0,0,0,0,0.0
186,186,2018,1629023,PJ Washington,PF,78.5,80.0,223.0,86.5,107.0,6.85,9.0,10.25,27.0,34.0,11.39,3.43,3.2,3,0.6,0.6,0.2,0.2,0.8,0.0,0.0,0.0,0.0,0.0,0.0,0.4,0.8,0.4,0.2,0.25,0.5,0.0,0.0,0.0,0.0,0.625,0.0,12.0,Draft,Kentucky,College/University,1.0
187,187,2018,1629024,Austin Wiley,C,80.25,82.0,249.4,89.0,111.0,5.0,9.75,10.25,28.0,33.5,12.79,3.27,3.3,14,0.4,0.6,0.6,0.2,0.4,0.0,0.0,0.0,0.0,0.0,0.0,0.4,0.8,0.6,0.2,0.25,0.0,0.25,0.5,0.75,0.75,0.621,0.0,0.0,0,0,0,0.0
188,188,2018,1629025,Kris Wilkes,SF,78.5,79.5,205.0,82.25,103.5,5.15,8.75,9.25,28.0,35.5,11.29,3.16,3.24,1,0.6,0.8,0.4,0.4,0.6,0.0,0.0,0.0,0.0,0.0,0.8,0.4,0.8,0.2,0.4,0.5,0.25,0.25,0.0,0.0,0.0,0.5,0.0,0.0,0,0,0,0.0
189,189,2018,1629026,Kenrich Williams,SF,78.0,79.5,200.4,79.25,103.5,5.95,8.5,9.75,28.0,33.0,10.86,3.28,3.19,14,0.8,0.4,0.6,0.8,0.6,0.0,0.0,0.0,0.0,0.0,0.8,0.2,0.8,0.8,0.2,0.375,0.25,0.25,0.0,0.0,0.0,0.655,0.0,0.0,0,0,0,0.0
190,190,2019,1629646,Charles Bassey,C,80.75,82.0,239.0,87.5,109.5,8.5,9.25,9.5,29.0,33.0,12.65,3.27,3.53,7,0.8,0.8,0.6,0.8,0.6,0.0,0.0,0.0,0.0,0.0,0.4,0.4,0.6,0.4,0.6,0.25,0.25,0.75,0.0,0.0,0.0,0.676,0.0,53.0,Draft,Western Kentucky,College/University,1.0
191,191,2019,1629647,Darius Bazley,PF,79.75,81.0,208.4,84.0,107.0,3.6,9.0,9.75,30.5,37.0,11.09,2.95,3.27,4,0.0,0.0,0.0,0.0,0.0,0.8,0.4,0.6,0.2,0.2,0.6,0.4,0.8,0.6,0.8,0.5,0.0,0.5,0.0,0.0,0.0,0.613,0.0,23.0,Draft,Princeton,High School,1.0
192,192,2019,1629648,Jordan Bone,SG,73.5,74.75,179.0,75.25,95.0,5.0,7.5,9.25,36.0,42.5,9.97,2.78,3.08,7,0.0,0.0,0.0,0.0,0.0,0.6,0.8,0.8,0.8,1.0,0.6,1.0,1.0,0.4,0.4,0.75,0.5,0.5,0.0,0.0,0.0,0.618,0.0,57.0,Draft,Tennessee,College/University,1.0
193,193,2019,1629065,Ky Bowman,PG,73.0,74.25,181.2,79.0,98.0,4.9,8.25,9.0,27.5,33.0,11.11,3.11,3.26,4,0.0,0.0,0.0,0.0,0.0,0.6,0.8,0.8,1.0,0.4,0.8,0.4,0.6,0.4,0.6,0.75,0.75,0.25,0.0,0.0,0.0,0.639,0.0,0.0,0,0,0,0.0
194,194,2019,1629649,Ignas Brazdeikis,SF,77.75,79.25,220.8,81.25,102.0,6.0,8.75,9.5,31.0,36.5,11.06,3.17,3.36,13,0.0,0.0,0.0,0.0,0.0,1.0,0.8,0.8,0.2,0.6,0.8,0.8,0.4,0.8,0.8,0.25,0.5,0.75,0.0,0.0,0.0,0.844,0.0,47.0,Draft,Michigan,College/University,1.0
195,195,2019,1629052,O'Shae Brissett,SF-PF,79.0,80.0,203.2,84.0,104.0,2.9,9.0,9.5,34.0,37.5,11.3,3.18,3.48,11,0.0,0.0,0.0,0.0,0.0,0.8,1.0,0.6,1.0,0.2,0.0,0.8,0.8,0.8,0.4,0.5,0.75,0.75,1.0,0.75,0.75,0.8,0.8,0.0,0,0,0,0.0
196,196,2019,1629634,Brandon Clarke,SF,79.25,80.25,207.2,80.25,102.0,4.9,8.25,9.5,34.0,40.5,10.61,3.05,3.15,10,0.8,0.8,0.8,0.8,0.5,0.0,0.0,0.0,0.0,0.0,0.4,0.6,0.2,0.6,0.4,0.75,0.5,0.75,0.0,0.0,0.0,0.625,0.0,21.0,Draft,Gonzaga,College/University,1.0
197,197,2019,1629651,Nicolas Claxton,C,82.0,83.75,216.6,86.5,110.0,4.5,9.25,9.5,31.5,36.5,11.26,3.47,3.36,8,0.0,0.0,0.0,0.0,0.0,0.2,0.6,1.0,0.6,0.6,0.4,0.8,0.6,0.4,0.6,0.75,0.75,0.0,0.0,0.0,0.0,0.321,0.0,31.0,Draft,Georgia,College/University,1.0
198,198,2019,1629076,Tyler Cook,PF,79.25,80.75,245.4,84.5,106.5,6.1,9.5,10.75,27.5,32.0,11.32,3.1,3.28,11,0.0,0.0,0.0,0.0,0.0,0.6,0.8,0.6,0.2,0.6,0.6,0.6,0.4,0.6,0.0,0.0,0.5,0.25,0.0,0.0,0.0,0.5,0.0,0.0,0,0,0,0.0
199,199,2019,1629056,Terence Davis,SG,75.0,76.5,192.4,80.75,101.0,4.1,9.25,10.75,29.5,34.0,10.69,2.96,3.28,13,0.0,0.0,0.0,0.0,0.0,1.0,0.6,0.4,0.6,0.8,0.8,0.6,1.0,0.6,0.8,0.75,0.75,0.5,0.0,0.0,0.0,0.606,0.0,0.0,0,0,0,0.0
200,200,2019,1629653,Devon Dotson,PG,72.0,74.0,178.6,75.25,95.5,5.9,8.25,9.5,30.0,38.5,10.63,2.8,3.04,7,0.0,0.0,0.0,0.0,0.0,0.2,0.6,0.6,0.6,0.8,0.8,0.6,0.6,0.4,0.6,0.5,0.75,0.25,0.0,0.0,0.0,0.688,0.0,0.0,0,0,0,0.0
201,201,2019,1629654,Carsen Edwards,PG,70.75,72.25,199.4,78.0,94.5,5.5,8.75,9.0,28.5,34.0,10.53,2.82,3.22,14,0.8,0.8,0.8,0.8,1.0,0.0,0.0,0.0,0.0,0.0,1.0,0.6,0.6,0.6,0.4,0.75,0.75,0.25,0.0,0.0,0.0,0.636,0.0,0.0,0,0,0,0.0
202,202,2019,1629605,Tacko Fall,C,89.25,91.0,288.8,98.25,122.5,6.8,10.5,10.5,22.0,26.5,13.01,3.46,3.78,8,0.0,0.0,0.0,0.0,0.0,0.0,0.2,0.0,0.4,0.2,0.2,0.0,0.2,0.2,0.0,0.5,0.5,0.0,0.0,0.0,0.0,0.594,0.0,0.0,0,0,0,0.0
203,203,2019,1629656,Quentin Grimes,SG,76.0,77.25,209.6,79.75,100.5,8.4,8.25,10.0,27.5,36.0,10.83,3.28,3.2,6,0.0,0.0,0.0,0.0,0.0,0.8,0.4,0.6,0.8,0.6,0.6,0.8,0.4,0.6,0.8,0.75,0.75,0.75,0.75,0.75,0.25,0.6,0.7,25.0,Draft,Houston,College/University,1.0
204,204,2019,1629657,Kyle Guy,SG,72.75,74.25,167.8,76.5,95.5,5.7,8.0,8.75,30.5,36.5,10.48,3.07,3.27,4,0.0,0.0,0.0,0.0,0.0,0.8,1.0,0.4,1.0,0.8,0.8,0.8,0.6,1.0,0.8,0.5,0.5,1.0,0.0,0.0,0.0,0.59,0.0,55.0,Draft,Virginia,College/University,1.0
205,205,2019,1628986,Jaylen Hands,PG,73.5,75.0,180.4,77.5,97.0,5.1,8.0,8.25,33.0,41.5,10.73,3.03,3.12,6,0.0,0.0,0.0,0.0,0.0,0.6,0.8,0.6,0.8,0.6,0.4,0.4,0.8,0.8,0.6,0.0,0.0,0.0,0.75,0.5,0.25,0.688,0.0,56.0,Draft,California-Los Angeles,College/University,0.0
206,206,2019,1629607,Jared Harper,PG,69.75,71.0,169.2,77.5,94.0,3.9,8.25,9.5,33.5,40.5,10.77,3.02,3.04,8,0.0,0.0,0.0,0.0,0.0,0.8,1.0,0.8,0.6,1.0,1.0,0.8,0.8,0.8,0.8,0.0,0.5,0.5,0.0,0.0,0.0,0.567,0.0,0.0,0,0,0,0.0
207,207,2019,1629608,Dewan Hernandez,C,81.0,82.25,232.8,85.75,107.0,6.1,9.5,10.25,30.5,35.5,11.46,3.25,3.28,13,0.0,0.0,0.0,0.0,0.0,0.6,0.6,0.2,0.4,0.8,0.6,0.2,0.6,0.8,0.4,0.75,0.5,0.75,0.75,0.5,0.5,0.417,0.667,59.0,Draft,Miami (FL),College/University,1.0
208,208,2019,1629658,Jalen Hoard,PF,79.25,81.0,212.6,84.75,105.5,6.7,8.75,9.75,27.5,35.5,11.44,3.32,3.34,8,0.0,0.0,0.0,0.0,0.0,0.4,0.2,0.6,0.8,0.0,0.8,0.6,0.4,0.4,0.6,0.75,0.5,0.25,0.0,0.0,0.0,0.633,0.0,0.0,0,0,0,0.0
209,209,2019,1629610,DaQuan Jeffries,SF-PF,76.0,77.0,215.6,83.25,104.0,3.9,9.5,10.25,0.0,0.0,0.0,0.0,0.0,0,0.0,0.0,0.0,0.0,0.0,0.667,0.833,0.75,1.0,0.8,0.6,0.667,0.333,0.6,0.8,0.5,0.75,0.25,0.0,0.0,0.0,0.548,0.0,0.0,0,0,0,0.0
210,210,2019,1629662,Mfiondu Kabengele,PF,80.75,82.25,256.2,87.0,109.5,5.1,9.25,10.75,28.0,35.5,11.21,3.3,3.25,6,0.667,1.0,0.6,0.4,0.8,0.0,0.0,0.0,0.0,0.0,1.0,0.8,0.4,0.6,0.6,0.25,0.5,1.0,0.0,0.0,0.0,0.688,0.0,27.0,Draft,Florida State,College/University,1.0
211,211,2019,1629663,Louis King,SF,78.75,80.0,195.2,84.25,104.5,4.8,8.0,8.5,29.0,33.0,10.99,3.05,3.28,0,0.0,0.0,0.0,0.0,0.0,0.6,1.0,0.6,0.6,0.6,0.8,0.4,0.4,0.6,0.6,0.75,0.5,0.75,0.0,0.0,0.0,0.69,0.0,0.0,0,0,0,0.0
212,212,2019,1629664,Dedric Lawson,PF,79.0,80.5,233.0,86.25,107.5,8.9,9.75,9.75,23.5,26.0,11.8,3.54,3.6,10,0.0,0.0,0.0,0.0,0.0,0.2,1.0,0.8,0.2,1.0,0.4,0.2,0.6,0.4,0.4,0.0,0.0,0.0,0.75,0.25,0.5,0.677,0.0,0.0,0,0,0,0.0
213,213,2019,1629642,Nassir Little,SF,76.5,78.0,224.2,85.25,104.5,5.9,8.75,10.0,31.0,38.5,12.15,3.1,3.24,5,0.0,1.0,0.4,0.6,1.0,0.0,0.0,0.0,0.0,0.0,0.8,0.6,0.8,0.2,0.4,0.0,0.5,0.5,0.0,0.0,0.0,0.8,0.667,25.0,Draft,North Carolina,College/University,1.0
214,214,2019,1629611,Terance Mann,SG-SF,76.75,78.5,204.6,79.75,101.0,4.0,9.5,9.25,32.5,38.5,11.51,3.14,3.3,6,0.0,0.0,0.0,0.0,0.0,0.4,1.0,0.6,0.6,0.8,0.4,0.2,0.2,0.4,0.8,0.25,0.75,0.5,0.0,0.0,0.0,0.645,0.0,48.0,Draft,Florida State,College/University,1.0
215,215,2019,1628998,Cody Martin,PG-SG,76.75,77.5,192.2,82.25,102.5,5.0,8.25,9.0,28.0,35.5,10.44,2.99,3.32,7,0.0,0.0,0.0,0.0,0.0,0.6,0.8,0.8,0.6,0.6,0.4,0.6,0.8,0.8,0.6,0.5,0.75,0.5,0.0,0.0,0.0,0.581,0.0,36.0,Draft,North Carolina State,College/University,1.0
216,216,2019,1629666,Charles Matthews,SG,77.0,78.25,194.8,81.5,103.0,3.8,8.5,8.75,29.5,37.5,11.26,3.24,3.38,9,0.0,0.0,0.0,0.0,0.0,0.0,0.6,0.667,0.667,0.8,0.2,0.4,0.4,0.4,0.2,0.25,0.25,0.5,0.0,0.0,0.0,0.607,0.0,0.0,0,0,0,0.0
217,217,2019,1629667,Jalen McDaniels,SF,80.25,81.75,191.6,84.25,105.5,5.7,9.0,10.0,29.5,33.5,11.54,3.23,3.32,0,0.0,0.0,0.0,0.0,0.0,0.8,0.5,0.8,0.2,0.6,0.4,0.833,0.4,0.5,0.2,0.75,0.5,0.5,0.0,0.0,0.0,0.667,0.0,52.0,Draft,San Diego,College/University,1.0
218,218,2019,1629668,Zach Norvell Jr.,SG,76.5,77.5,206.4,78.0,101.0,7.5,8.5,9.5,24.0,30.0,11.6,3.34,3.43,0,0.0,0.0,0.0,0.0,0.0,0.6,0.4,0.4,0.8,0.6,0.4,1.0,0.4,1.0,1.0,0.0,0.0,0.0,0.75,0.5,0.25,0.719,0.0,0.0,0,0,0,0.0
219,219,2019,1629669,Jaylen Nowell,SG,75.25,76.25,202.4,79.25,98.0,6.1,8.25,8.5,32.0,38.5,10.76,3.13,3.23,2,0.0,0.0,0.0,0.0,0.0,0.5,0.2,1.0,0.6,0.8,0.5,0.4,0.6,0.4,0.0,0.75,0.75,0.75,0.0,0.0,0.0,0.828,0.0,43.0,Draft,Washington,College/University,1.0
220,220,2019,1629671,Miye Oni,SG,76.25,77.75,205.6,82.75,100.5,4.9,9.0,10.0,30.5,38.5,11.71,3.12,3.17,19,0.0,0.0,0.0,0.0,0.0,0.8,0.6,0.8,1.0,0.6,0.4,0.2,1.0,0.6,0.8,1.0,0.75,0.5,0.0,0.0,0.0,0.613,0.0,58.0,Draft,Yale,College/University,1.0
221,221,2019,1629617,Reggie Perry,SF-PF,80.0,81.25,250.8,84.5,106.0,6.7,9.0,10.0,28.5,31.5,12.46,3.4,3.3,15,0.0,0.0,0.0,0.0,0.0,0.8,0.2,0.6,0.4,0.4,0.2,0.8,0.4,0.4,0.8,0.75,0.25,1.0,0.0,0.0,0.0,0.357,0.0,57.0,Draft,Mississippi State,College/University,1.0
222,222,2019,1629044,Shamorie Ponds,PG,71.5,72.5,180.0,75.5,96.5,9.8,7.75,8.0,29.0,37.0,11.01,3.07,3.2,0,0.0,0.0,0.0,0.0,0.0,0.2,0.4,0.8,1.0,0.6,0.4,0.2,1.0,0.8,0.8,0.25,0.75,0.75,0.0,0.0,0.0,0.694,0.0,0.0,0,0,0,0.0
223,223,2019,1629673,Jordan Poole,SG,75.5,77.5,190.8,78.75,99.5,7.5,8.25,8.5,28.0,35.5,10.59,3.14,3.27,0,0.6,1.0,0.6,1.0,0.4,0.0,0.0,0.0,0.0,0.0,0.6,0.8,0.8,0.8,1.0,0.25,0.25,0.75,0.0,0.0,0.0,0.676,0.0,28.0,Draft,Michigan,College/University,1.0
224,224,2019,1629674,Neemias Queta,C,82.75,84.25,225.8,88.25,111.5,6.3,9.5,11.0,24.0,32.5,12.04,3.45,3.73,1,0.0,0.0,0.0,0.0,0.0,0.2,0.8,1.0,0.6,0.8,0.4,0.6,0.8,0.8,0.6,0.5,0.5,0.75,0.0,0.0,0.0,0.615,0.0,39.0,Draft,Utah State,College/University,1.0
225,225,2019,1629675,Naz Reid,PF,80.25,81.5,255.8,87.25,109.0,14.0,9.5,9.25,26.0,32.5,12.03,3.76,3.42,3,0.6,0.4,0.6,0.6,0.6,0.0,0.0,0.0,0.0,0.0,0.75,0.4,0.4,0.8,0.4,0.5,0.75,0.25,0.0,0.0,0.0,0.5,0.0,0.0,0,0,0,0.0
226,226,2019,1629676,Isaiah Roby,PF,79.25,80.5,214.0,85.0,106.0,3.9,9.0,10.5,32.5,35.5,10.63,3.05,3.25,9,0.8,0.6,1.0,1.0,0.6,0.0,0.0,0.0,0.0,0.0,0.6,0.6,1.0,0.4,0.8,0.75,0.75,0.75,0.0,0.0,0.0,0.588,0.0,45.0,Draft,Nebraska,College/University,1.0
227,227,2019,1629677,Luka Samanic,PF,81.5,83.0,227.2,82.5,107.0,5.6,8.5,9.0,27.0,38.0,11.01,3.03,3.27,7,0.0,0.0,0.0,0.0,0.0,0.8,0.4,0.6,0.2,0.2,0.4,0.4,0.6,0.6,0.8,0.75,0.75,0.0,0.0,0.0,0.0,0.364,0.0,19.0,Draft,KK Olimpija (Slovenia),Other Team/Club,1.0
228,228,2019,1629679,Simisola Shittu,PF,80.5,81.5,227.2,85.25,106.0,6.2,8.75,8.5,27.0,35.5,11.85,3.24,3.3,11,0.0,0.0,0.0,0.0,0.0,0.2,0.4,0.2,0.2,0.0,0.2,0.2,0.4,0.0,0.2,0.25,0.25,0.25,0.0,0.0,0.0,0.414,0.0,0.0,0,0,0,0.0
229,229,2019,1629682,Tremont Waters,PG,69.5,70.75,172.4,74.25,93.5,6.6,8.0,9.75,30.5,40.5,10.76,3.11,3.07,5,0.0,0.0,0.0,0.0,0.0,0.4,0.8,1.0,0.8,0.6,1.0,0.6,1.0,1.0,0.8,0.5,0.5,0.75,0.0,0.0,0.0,0.571,0.0,51.0,Draft,Louisiana State,College/University,1.0
230,230,2019,1629683,Quinndary Weatherspoon,SG,75.0,76.25,206.6,81.0,100.0,6.1,8.5,9.0,31.0,38.0,11.57,3.15,3.16,0,0.0,0.0,0.0,0.0,0.0,0.6,0.8,0.6,1.0,0.6,0.4,0.8,0.8,1.0,0.8,0.75,0.75,1.0,0.0,0.0,0.0,0.794,0.0,49.0,Draft,Mississippi State,College/University,1.0
231,231,2019,1629025,Kris Wilkes,SF,78.25,79.75,208.8,82.75,103.0,4.9,8.5,9.5,27.5,35.0,10.39,3.09,3.34,4,1.0,0.6,0.8,0.6,0.6,0.0,0.0,0.0,0.0,0.0,0.6,0.2,0.6,0.6,0.6,0.5,1.0,0.0,0.0,0.0,0.0,0.727,0.0,0.0,0,0,0,0.0
232,232,2019,1629684,Grant Williams,PF,77.75,79.5,240.2,81.75,104.5,5.4,9.0,10.5,26.0,31.5,10.83,3.27,3.33,20,0.0,0.0,0.0,0.0,0.0,0.6,0.6,0.2,0.6,0.6,0.8,0.8,0.8,0.6,0.6,0.75,0.5,0.75,0.0,0.0,0.0,0.719,0.0,22.0,Draft,Tennessee,College/University,1.0
